recipe_id,title,categories,ingredients,calories
382,پیتزا بلونز,پیتزا,پیاز|قارچ|گوشت چرخ کرده|خامه|پودر سیر|پاپریکا|فلفل دلمه ای|خمیر|سس محمره,2437
383,پیتزا پنیر,پیتزا,پنیر موزارِلّا (MOZZARELLA)|پنیر گودا (GOUDA)|پنیر پیتزای پروسس (PROCESS cheese)|خمیر|سس محمره,1554.2512
384,پیتزا پنیر و زعتر,پیتزا,روغن مایع معمولی|پنیر|زعتر|خمیر|سس محمره,403
386,پیتزا سبزیجات,پیتزا,قارچ|سس کچاپ|پنیر پیتزای پروسس (PROCESS cheese)|فلفل دلمه ای|عصاره سبزیجات|خمیر|کنسرو سبزیجات,1045.5
387,پیتزا سیر و استیک,پیتزا,سیر|نمک|فلفل سیاه|روغن مایع معمولی|قارچ|آویشن|پنیر پیتزای پروسس (PROCESS cheese)|پودر سیر|فیله گوساله|خمیر|سس محمره,22395
388,پیتزا قارچ و مرغ سوخاری,پیتزا,آرد سفید|نمک|فلفل سیاه|روغن مایع معمولی|گوشت مرغ|شیرگاو|قارچ دکمه ای|آویشن|پنیر پیتزای پروسس (PROCESS cheese)|تخم مرغ|پودر زنجبیل|پودر سیر|پاپریکا|فلفل دلمه ای|خمیر|پودر پانکو,35002.5
390,پیتزا مخلوط,پیتزا,سیر|نمک|فلفل سیاه|قارچ|سس کچاپ|پنیر پیتزای پروسس (PROCESS cheese)|رب گوجه فرنگی|ژامبون|سوسیس|فلفل دلمه ای|خمیر|سس فلفل,14572
391,پیتزا استافت کراست,پیتزا,سیر|روغن مایع معمولی|سس کچاپ|پنیر موزارِلّا (MOZZARELLA)|پنیر گودا (GOUDA)|پنیر پیتزای پروسس (PROCESS cheese)|سوسیس|سیاه دانه|خمیر|بیکن,171626
544,دسر کدو حلوایی با خامه,دسر,کره|خامه|آب|پودر قند|جوز هندی|دارچین|زعفران|هل|کدو حلوایی|گردو,4319.5
545,رافیلو,دسر,پودر نارگیل|فندق|شیر عسل,8620.802
547,رولت شَعریه,دسر,کره|هل|پسته|شعریه|شیر عسل,2025.3334
549,دسر شکلات فندقی,دسر,شیرگاو|خامه|آب|شکر|فندق|ژلاتین|شکلات کاکائویی|وانیل,2139
551,فرنی معجون,دسر,آرد سفید|شیرگاو|نشاسته|دارچین|هل|خرما|گلاب,3796.5
552,قطایف,دسر,آرد سفید|نمک|روغن مایع معمولی|شیرگاو|آب|خمیر مایه|شکر|جوش شیرین|سمولینا|آب|آبلیمو|شکر|زعفران|هل|گلاب|آرد سفید|شیرگاو|خامه|نشاسته ذرت|پودر نارگیل|شکر|گلاب,16803.25
553,کرم کافی میکس,دسر,شیرگاو|خامه|آب|پنیر ماسکارپونه|شکر|ژلاتین|کافی میکس|قهوه فوری,3725.5
554,دسر کرم نارگیل,دسر,خامه|آب|پودر نارگیل|شکر|ژلاتین|گلاب|شیر نارگیل,3354.5
555,کنافه,دسر,کره|کادایف|آب|آبلیمو|شکر|زعفران|گلاب|آرد سفید|شیرگاو|خامه|نشاسته|وانیل,16760.5
557,سالاد اسفناج گرم,سالاد,پیاز|سیر|نمک|فلفل سیاه|روغن زیتون|فلفل سبز|اسفناج معمولی|کنجد|گوجه فرنگی,10663
558,سالاد آلزاس,سالاد,جعفری|نمک|فلفل سیاه|سس مایونز|آبلیمو|تخم مرغ|سیب زمینی|لبو|خیارشور,7802.5
559,سالاد بادمجان,سالاد,پیاز|سیر|نمک|فلفل قرمز|لیمو ترش|زیتون|بادمجان|گوجه فرنگی|فلفل سبز تند,2273
562,سالاد تره بار پخته,سالاد,نمک|روغن زیتون|هویج|گل کلم معمولی|لوبیا سبز|آبلیمو|لبو|جوانه گندم|جوش شیرین|نمک|فلفل سیاه,8121
563,سالاد خیار,سالاد,پیاز|سیر|نمک|فلفل سیاه|روغن زیتون|خیار سبز|ماست یونانی|پونه کوهی یا پونه|شوید,2648
566,سالاد ژامبون,سالاد,کرفس|پیازچه|تخم مرغ|ژامبون|سس فرانسوی|خیارشور,8752
567,سالاد سیب اسفناج با انار,سالاد,روغن زیتون|سرکه|سیب درختی|لیمو ترش|اسفناج معمولی|رب انار|تخمه آفتابگردان|انار,2742
568,سالاد سیب خیار با ترب,سالاد,پیاز|سیر|نمک|فلفل سیاه|پیازچه|سیب درختی|خیار سبز|تربچه|ماست یونانی|آبلیمو|عسل|پودر خردل|شوید,4542.5
569,سالاد سیب دانمارکی,سالاد,نمک|فلفل سیاه|کرفس|سیب درختی|سس مایونز|لیمو|گردو,1047
570,سالاد سیب زمینی,سالاد,نمک|فلفل سیاه|روغن زیتون|پیازچه|لیمو ترش|آویشن|سیب زمینی|شوید,4403.5
571,سالاد سیب زمینی و تخم مرغ,سالاد,پیاز|جعفری|نمک|فلفل سیاه|روغن زیتون|پیازچه|فلفل سبز|نعناع|زیتون|آبلیمو|تخم مرغ|سیب زمینی|شوید,16058
573,سالاد سیب و کلم,سالاد,پیاز|نمک|سرکه|فلفل قرمز|سیب درختی|سس مایونز|کشمش|پودر خردل|کلم برگ قرمز|گردو,11862.5
576,سالاد عدس,سالاد,سیر|جعفری|نمک|فلفل سیاه|روغن زیتون|پیازچه|لیمو ترش|نان پیتا Pita Bread|گوجه فرنگی|عدس|انار,7533.5
578,سالاد قارچ,سالاد,پیاز|نمک|فلفل سیاه|روغن زیتون|سرکه|قارچ|کلم بروکلی,4525
579,سالاد کارتوفل,سالاد,نمک|فلفل سیاه|پیازچه|سس مایونز|آبلیمو|سوسیس|پاپریکا|سیب زمینی,1425.5
580,سالاد کلم مرصع,سالاد,جعفری|نمک|فلفل سیاه|روغن زیتون|هویج|کرفس|آبلیمو|کشمش|شکر|گوجه فرنگی|خلال بادام|کلم پیچ,19917
581,سالاد کینوا,سالاد,پیاز|سیر|نمک|روغن زیتون|فلفل قرمز|زیره سیاه|لوبیا قرمز|آب|سرکه سیب|فلفل دلمه ای|گشنیز|ذرت|کینوا,6384.5
583,سالاد گوجه فرنگی,سالاد,پیاز|نمک|فلفل قرمز|زیره سیاه|لیمو ترش|گوجه فرنگی|گشنیز,1688
586,سالاد لوبیا سفید آلمان,سالاد,پیاز|جعفری|نمک|فلفل سیاه|لیمو ترش|ماست|خامه|آبلیمو|پودر خردل|شکر|لوبیا سفید,2874
587,سالاد لوبیا سفید ترکیه,سالاد,پیاز|جعفری|نمک|فلفل سیاه|روغن زیتون|سرکه|زیتون|فلفل دلمه ای|گوجه فرنگی|لوبیا سفید,18343.5
590,سالاد تن ماهی,سالاد,پیاز|جعفری|نمک|فلفل سیاه|روغن زیتون|لیمو ترش|کنسرو تن ماهی|کاهو پیچ,2176
592,سالاد هویج,سالاد,نمک|فلفل سیاه|هویج|زیره سیاه|لیمو ترش|ماست|خامه|کشمش|گردو,11035.5
694,لازانیا گوشت و قارچ خامه‌ای,لازانیا,پیاز|سیر|نمک|فلفل سیاه|قارچ|گوشت چرخ کرده|آویشن|خامه|پنیر موزارِلّا (MOZZARELLA)|جوز هندی|لازانیا|آرد سفید|نمک|فلفل سیاه|شیرگاو|آویشن|کره,30109.5
704,آش آبغوره,آش,پیاز|نمک|فلفل سیاه|زردچوبه|روغن مایع معمولی|آبغوره|لوبیا چشم بلبلی|آب|برنج|نعنا خشک|گوجه فرنگی|سبزی آش|آب مرغ,13319
717,آش آلوچه اصفهان,آش,پیاز|نمک|فلفل سیاه|زردچوبه|روغن مایع معمولی|آب|برنج|گوشت گوسفند|شوید|گوجه سبز (آلوچه),11296
742,آش ترخینه ایلام,آش,پیاز|نمک|فلفل سیاه|زردچوبه|روغن مایع معمولی|لوبیا چشم بلبلی|آب|نعنا خشک|گوجه فرنگی|ماش|سبزی آش|ترخینه,13158.5
744,آو تفتاله,اشکنه,پیاز|آرد سفید|نمک|زردچوبه|کره|آب|کشمش|خرما|گردو|تره کوهی|برگه زردآلو|ناردونه|انجیر,23020
749,آش گندم زنجان,آش,پیاز|سیر|نمک|فلفل سیاه|زردچوبه|روغن مایع معمولی|فلفل قرمز|لوبیا چشم بلبلی|گوشت گوساله|آب|نعنا خشک|لوبیا چیتی|لوبیا سفید|ماش|عدس|نخود|سبزی آش|گندم,47408.5
750,آش ماست زنجان,آش,پیاز|سیر|نمک|روغن مایع معمولی|ماست|لوبیا چشم بلبلی|آب|برنج|گوشت گوسفند|نعنا خشک|کدو سبز|لوبیا چیتی|عدس|نخود|سبزی آش|تره کوهی|قلم|خرفه,27255.5
753,آش سبزی شیرازی,آش,پیاز|تره|نمک|فلفل سیاه|زردچوبه|روغن مایع معمولی|لیمو ترش|آب|برنج|گوشت گوسفند|لوبیا چیتی|عدس|نخود|ترخون خشک,19665
825,آش اوماج اردبیل,آش,پیاز|آرد سفید|نمک|فلفل سیاه|زردچوبه|روغن مایع معمولی|آویشن|آب|عدس|آب قلم,16394
836,آوتُخ شوید (آب تخم شوید),اشکنه,آرد سفید|نمک|زردچوبه|روغن مایع معمولی|آویشن|آب|تخم مرغ|تخم شوید,9592
843,او قارچ,اشکنه,آرد سفید|نمک|زردچوبه|روغن مایع معمولی|قارچ|آب|خرما|تره کوهی|برگه زردآلو|ناردونه,12257.5
856,ماست جوش,اشکنه,پیاز|نمک|فلفل سیاه|زردچوبه|روغن مایع معمولی|ماست|آب|کنجد|تخم مرغ|کشک|نعنا خشک|پونه کوهی یا پونه|گوجه فرنگی|گردو,16438.5
860,او انگیون,آش,پیاز|آرد سفید|نمک|روغن مایع معمولی|آبغوره|آب|انگدان خشک,7903
899,او گوجه,اشکنه,نمک|فلفل سیاه|روغن مایع معمولی|آب|گوجه فرنگی|تره کوهی|سیر کوهی,8060.5
966,اشکنه یزدی,اشکنه,پیاز|آرد سفید|نمک|فلفل سیاه|زردچوبه|روغن مایع معمولی|آب|تخم مرغ|سیب زمینی|مرزنجوش,13555.5
990,تلیت او گوجه باذمجو,اشکنه,پیاز|نمک|فلفل سیاه|روغن مایع معمولی|آب|نعنا خشک|بادمجان|گوجه فرنگی|ناردونه,10291
992,اشکنه قزوین,اشکنه,پیاز|نمک|فلفل سیاه|زردچوبه|روغن مایع معمولی|آب|تخم مرغ|شنبلیله خشک|سیب زمینی|گوجه فرنگی,14134.5
994,بورانی شنگ,خوراک سبزیجات,پیاز|نمک|فلفل سیاه|روغن مایع معمولی|آب|برنج|تخم مرغ|لپه|آب گوشت|شنگ,24177.5
1001,بورانی هویج آذربایجان غربی,پلو و دمی,پیاز|نمک|روغن مایع معمولی|هویج|آب|رب گوجه فرنگی|برنج|دارچین|نعنا خشک|زعفران|لپه|جعفری خشک,34673
1005,کله جوش,اشکنه,پیاز|نمک|فلفل سیاه|روغن مایع معمولی|آب|کشک|نعنا خشک|زعفران|گردو,5230.5
1007,یتیمچه,خوراک سبزیجات,پیاز|نمک|فلفل سیاه|زردچوبه|روغن مایع معمولی|آب|بادمجان|گوجه فرنگی,15122
1009,خرما پلو,پلو و دمی,گوشت سینه مرغ|پیاز|نمک|فلفل سیاه|زردچوبه|روغن مایع معمولی|آب|زرشک|کشمش|برنج|زعفران|خرما|خلال بادام|خلال پسته,32948
1013,چیغیرتما,خوراک سبزیجات,گوشت سینه مرغ|پیاز|نمک|فلفل سیاه|زردچوبه|روغن مایع معمولی|آب|تخم مرغ|سیب زمینی|گوجه فرنگی,25391.5
1015,چورک قاتق,اشکنه,پیاز|سیر|آرد سفید|نمک|فلفل سیاه|زردچوبه|ماست|کره|آب|تخم مرغ|نعنا خشک,19944
1019,قیسی پلو,پلو و دمی,نمک|شیرگاو|کره|آب|برنج|دارچین|شکر|گردو|قیسی,36751
1020,کشمش پلو اردبیل,پلو و دمی,نمک|شیرگاو|کره|آب|کشمش|برنج|دارچین|شکر|گردو,34799
1022,اشکنه زردآلو,اشکنه,پیاز|آرد سفید|نمک|فلفل سیاه|زردچوبه|روغن مایع معمولی|آب|گوجه فرنگی|نخود|برگه زردآلو,13223.5
1023,لپه برنج,پلو و دمی,پیاز|نمک|فلفل سیاه|روغن مایع معمولی|گوشت مرغ|آب|برنج|لپه,15653.5
1024,شیرین پلو,پلو و دمی,پیاز|نمک|فلفل سیاه|زردچوبه|روغن مایع معمولی|هویج|نان لواش|گوشت گوساله|آب|برنج|برگه زردآلو,25993.5
1025,رشته پلو قیسی,پلو و دمی,پیاز|روغن مایع معمولی|کره|آب|رشته پلویی|برنج|زعفران|قیسی,6692.5
1027,سوغان سو,اشکنه,پیاز|نمک|فلفل سیاه|روغن مایع معمولی|کره|آب|نعنا خشک|سیب زمینی,8632
1029,پل سر باقالی,خوراک سبزیجات,سیر|نمک|زردچوبه|روغن مایع معمولی|آب|رب گوجه فرنگی|تخم مرغ|باقلا,19646
1034,توله پلو,پلو و دمی,پیاز|سیر|نمک|فلفل سیاه|زردچوبه|روغن مایع معمولی|آب|برنج|آب نارنج|سبزی توله,19748
1035,آبگوشت زابلی,آبگوشت,پیاز|نمک|زردچوبه|روغن مایع معمولی|گوشت گوساله|آب|رب گوجه فرنگی|نخود|ادویه آچار,17782
1036,اشکنه شوتک,اشکنه,نمک|زردچوبه|روغن مایع معمولی|آب|تخم مرغ|تخم شوید,7351
1038,اشکنه کِشته,اشکنه,پیاز|نمک|زردچوبه|روغن مایع معمولی|آب|برگه زردآلو,6123
1039,اشکنه آرد دستمال,اشکنه,پیاز|آرد سفید|نمک|فلفل سیاه|زردچوبه|روغن مایع معمولی|آب,6944.5
1040,اشکنه انار,اشکنه,پیاز|نمک|فلفل سیاه|زردچوبه|روغن مایع معمولی|آب|تخم مرغ|شنبلیله خشک|آب انار,12001.5
1041,اشکنه انار ترش,اشکنه,پیاز|آرد سفید|نمک|نمک|فلفل سیاه|زردچوبه|روغن مایع معمولی|آب|آب انار,14434.5
1042,ونوشک پلو,پلو و دمی,پیاز|نمک|فلفل سیاه|زردچوبه|روغن مایع معمولی|گوشت چرخ کرده|آب|رب گوجه فرنگی|برنج|زعفران|ونوشک,21649.5
1044,دمی شیر,پلو و دمی,نمک|روغن مایع معمولی|شیرگاو|کره|برنج|خرما,17332.5
1046,پلو ماش,پلو و دمی,پیاز|روغن مایع معمولی|کره|آب|کشمش|برنج|ماش|خرما,5449.5
1047,آش ارده,پلو و دمی,آب|شیره خرما|ارده|برنج|ماش,320
1055,اشکنه بادمجان,اشکنه,پیاز|سیر|نمک|فلفل سیاه|زردچوبه|روغن مایع معمولی|آب|نعنا خشک|سیب زمینی|بادمجان|گوجه فرنگی|رب آلوچه,13367.5
1060,آش ترش مازندران,آش,سیر|نمک|زردچوبه|روغن مایع معمولی|فلفل قرمز|آب|رب گوجه فرنگی|رشته آش|سیب زمینی|کدو سبز|لوبیا چیتی|عدس|نخود|چغندر قرمز|سبزی چوچاق|رب آلوچه|سبزی مخصوص,45726.5
1062,تَرَکی,آش,آرد سفید|روغن مایع معمولی|آب|پودر قند|دارچین|پودر بادیان,4257.5
1065,آش قورود قیله,آش,پیاز|سیر|نمک|فلفل سیاه|زردچوبه|روغن مایع معمولی|بلغور گندم|لوبیا چشم بلبلی|لوبیا سبز|آب|برنج|گوشت گوسفند|کشک|بادمجان|گوجه فرنگی|فلفل سبز تند|سبزی آش|آب گوشت,25861.5
1067,آش رشته خراسان جنوبی,آش,پیاز|سیر|روغن مایع معمولی|آب|رشته آش|کشک|نعنا خشک|سیب زمینی|ماش|عدس|نخود|سبزی آش|جوشانده گیاهان محلی|گیاهان محلی کوبیده شده,7784
1068,آش دِنورو,آش,نمک|لوبیا قرمز|آب|عدس|نخود|باقلای زرد|گندم,8817.5
1069,آش دُنگو,آش,نمک|زردچوبه|آب|لوبیا سفید|عدس|نخود|گندم|آب قلم,11609
1070,آش تَپیله,آش,پیاز|نمک|فلفل سیاه|زردچوبه|روغن مایع معمولی|آب|نعنا خشک|لوبیا چیتی|نخود|گندم,10864.5
1075,شَنگ سرخ شده,خوراک سبزیجات,پیاز|نمک|زردچوبه|روغن مایع معمولی|آب|قره قروت|شنگ,5972.5
1085,کوفته قلقلی ساده,دستورات مکمل,پیاز|نمک|روغن مایع معمولی|گوشت چرخ کرده|نعنا خشک,367
1086,کوفته قلقلی سرآشپز,دستورات مکمل,پیاز|نمک|فلفل سیاه|زردچوبه|روغن مایع معمولی|گوشت چرخ کرده|نعنا خشک|آرد نخودچی,418
1095,پیاز داغ,دستورات مکمل,پیاز|نمک|زردچوبه|روغن مایع معمولی|آب,6155
1097,طرز پخت گوشت,دستورات مکمل,پیاز|نمک|فلفل سیاه|زردچوبه|گوشت گوساله|آب|دارچین|هل|برگ بو,6025.5
1099,طرز تهیه آب قلم,دستورات مکمل,پیاز|سیر|نمک|فلفل سیاه|هویج|کرفس|آب|دارچین|برگ بو|قلم,14499
1101,خمیر پیتزا (ضخیم),دستورات مکمل,آرد سفید|نمک|روغن مایع معمولی|شیرگاو|خمیر مایه|تخم مرغ|شکر,25631.5
1103,کوفته قلقلی (پیشنهاد سرآشپز),دستورات مکمل,پیاز|نمک|فلفل سیاه|زردچوبه|روغن مایع معمولی|گوشت چرخ کرده|نعنا خشک|آرد نخودچی,8953.5
1105,بورانی پاغازه,خوراک سبزیجات,پیاز|سیر|نمک|فلفل سیاه|زردچوبه|روغن مایع معمولی|ماست|آب|تخم مرغ|گیاه پاغازه,625
1106,بورانی کنگر کرمانشاه,خوراک سبزیجات,پیاز|نمک|فلفل سیاه|روغن مایع معمولی|ماست|آب|تخم مرغ|کنگر,532
1108,املت گوجه فرنگی,تخم مرغ,نمک|فلفل سیاه|روغن مایع معمولی|تخم مرغ|گوجه فرنگی,8453.5
1109,سوسیس تخم مرغ,تخم مرغ,نمک|فلفل سیاه|روغن مایع معمولی|آویشن|تخم مرغ|سوسیس,5313.5
1110,سیب و موز عسلی,وعده آزاد,سیب درختی|شیرگاو|کنجد|عسل|موز|گردو|خلال بادام,4610
1111,موز خامه ای,دسر,کره|خامه|عسل|کشمش|خرما|موز|گردو,8851.5
1112,محلبی,دسر,شیرگاو|خامه|نشاسته ذرت|شکر,274
1113,محلبی گلاب,دسر,شیرگاو|خامه|نشاسته ذرت|شکر|گلاب,440.5
1114,محلبی بهارنارنج,دسر,شیرگاو|خامه|نشاسته ذرت|شکر,274
1115,تخم مرغ با عسل,تخم مرغ,نمک|فلفل سیاه|کره|عسل|تخم مرغ|دارچین,8647.5
1116,نیمرو عسلی,تخم مرغ,نمک|فلفل سیاه|کره|تخم مرغ,3956.5
1117,فرنی,دسر,شیرگاو|خامه|شکر|آرد برنج,535
1119,فرنی زعفران,دسر,شیرگاو|خامه|شکر|زعفران|آرد برنج,737
1120,املت خرما و کنجد,تخم مرغ,نمک|کره|کنجد|عسل|پودر نارگیل|خرما|پودر کاکائو,5254
1122,اوتمیل شکلاتی دارچینی,وعده آزاد,شیرگاو|عسل|دارچین|پودر کاکائو|جو دو سر پرک|کره بادام زمینی,42
1124,صبحانه انگلیسی,تخم مرغ,پیاز|نمک|فلفل سیاه|زردچوبه|روغن مایع معمولی|قارچ|کره|آب|رب گوجه فرنگی|عصاره گوشت|تخم مرغ|سوسیس|لوبیا چیتی,19698.5
1125,املت فرانسوی,تخم مرغ,پیاز|جعفری|نمک|فلفل سیاه|زردچوبه|آویشن|پنیر موزارِلّا (MOZZARELLA)|تخم مرغ|سیب زمینی,17379.5
1126,خاگینه تخم مرغ,تخم مرغ,آرد سفید|نمک|فلفل سیاه|روغن مایع معمولی|تخم مرغ|بکینگ پودر,9501.5
1127,اسکرامبل اگ,تخم مرغ,نمک|شیرگاو|کره|تخم مرغ|بکینگ پودر,8829.5
1128,املت گوجه فرنگی و فلفل دلمه‌ای,تخم مرغ,پیاز|نمک|فلفل سیاه|زردچوبه|روغن مایع معمولی|فلفل دلمه ای سبز|رب گوجه فرنگی|تخم مرغ|گوجه فرنگی,11859
1129,رولت فندق و موز,دسر,نمک|روغن مایع معمولی|کره|تخم مرغ|موز|فندق|شکلات کاکائویی,11449
1131,املت پیتزایی,تخم مرغ,پیاز|نمک|فلفل سیاه|روغن مایع معمولی|لیمو ترش|شیرگاو|کره|پنیر موزارِلّا (MOZZARELLA)|تخم مرغ|فلفل دلمه ای|فلفل دلمه ای|ذرت,20286
1132,خاگینه مربا,تخم مرغ,آرد سفید|نمک|روغن مایع معمولی|تخم مرغ|دارچین|خلال بادام|مربا,8680
1133,املت قارچ,تخم مرغ,نمک|فلفل سیاه|قارچ|فلفل سبز|شیرگاو|کره|تخم مرغ,17465
1134,املت سوسیس و ذرت,تخم مرغ,نمک|فلفل سیاه|روغن مایع معمولی|فلفل سبز|شیرگاو|کره|تخم مرغ|سوسیس|ذرت,18723
1135,املت سوسیس و سیب زمینی,تخم مرغ,پیاز|نمک|فلفل سیاه|زردچوبه|روغن مایع معمولی|تخم مرغ|سوسیس|سیب زمینی,12760.5
1136,سالاد میوه خامه ای,دسر,سیب درختی|گلابی|انگور|آناناس|خامه|عسل|فندق|خلال بادام|خلال پسته|آب آناناس,2069.5
1139,گل کلم پفی,سوخاری,آرد سفید|نمک|روغن مایع معمولی|سرکه|شیرگاو|گل کلم معمولی|آب|تخم مرغ,9637
1141,دمنوش بادرنجبویه,نوشیدنی گرم,آب|بادرنجبویه,392
1142,دمنوش سنبل الطیب,نوشیدنی گرم,آب|چای سیاه|لیمو عُمانی (اَمانی)|سنبل الطیب,1605
1143,دمنوش گل گاوزبان,نوشیدنی گرم,آب|گل گاو زبان,392
1144,دمنوش بابونه و بهارنارنج,نوشیدنی گرم,آب|عسل|بابونه|بهار نارنج,784
1145,دمنوش زرشک و عناب,نوشیدنی گرم,آب|زرشک|تخم گشنیز|عناب,910
1146,دمنوش به لیمو,نوشیدنی گرم,آب|به لیمو,392
1147,دمنوش آویشن,نوشیدنی گرم,آویشن|آب,196
1148,دمنوش بارهنگ,نوشیدنی گرم,آب|عسل|بارهنگ|عرق نعناع,392
1149,دمنوش زعفران با هل و دارچین,نوشیدنی گرم,آب|دارچین|زعفران|هل,872
1151,دمنوش به,نوشیدنی گرم,آب|به خشک,392
1152,دمنوش سیب و دارچین,نوشیدنی گرم,آب|به خشک,392
1154,دمنوش عناب,نوشیدنی گرم,آب|عناب,2398.838
1155,دمنوش زنجبیل,نوشیدنی گرم,آب|زنجبیل تازه,392
1156,دمنوش انار,نوشیدنی گرم,آب|دارچین|گلپر|انار,1518.5
1160,چای روسی,نوشیدنی گرم,لیمو ترش|آب|چای سیاه|عسل,87.5
1161,چای یوگسلاوی,نوشیدنی گرم,آب|چای سیاه|آبلیمو|عسل,784
1162,چای ترش,نوشیدنی گرم,آب|چای ترش,392
1163,چای دو رنگ,نوشیدنی گرم,آب|چای سیاه|شکر,688.5
1164,چای رومی,نوشیدنی گرم,آب|چای سیاه|آبلیمو|دارچین|شکر,1841.5
1166,چای آرامش بخش,نوشیدنی گرم,آب|چای سیاه|عسل|گل محمدی|گلاب,980
1167,شیر و زعفران,نوشیدنی گرم,شیرگاو|خامه|شکر|زعفران|هل,625.5
1168,چای با لیمو عمانی,نوشیدنی گرم,آب|چای سیاه|لیمو عُمانی (اَمانی),1409.5
1169,چای سبز,نوشیدنی گرم,آب|چای سبز,392
1170,چای مراکشی,نوشیدنی گرم,نعناع|آب|چای سیاه|شکر,2558
1171,چای با ادویه,نوشیدنی گرم,نعناع|شیرگاو|آب|چای سیاه|جوز هندی|دارچین|شکر|هل|میخک|رازیانه,1559
1172,هات چاکلت,نوشیدنی گرم,شیرگاو|شیرگاو|نشاسته ذرت|شکلات کاکائویی,284
1173,چای گرام ماسالا,نوشیدنی گرم,فلفل سیاه|شیرگاو|چای سیاه|جوز هندی|دارچین|پودر زنجبیل|شکر|هل,1045.5
1174,چای سیاه,نوشیدنی گرم,آب|چای سیاه,392
1176,چای کاراملی,نوشیدنی گرم,شیرگاو|آب|چای سیاه|دارچین|شکر|هل,1729.5
1177,چای هلو,نوشیدنی گرم,آب|چای سیاه|عسل|برگه هلو,912
1178,چای عراقی,نوشیدنی گرم,آب|چای سیاه|شکر|زعفران|هل,1416
1179,چای با شکلات,نوشیدنی گرم,آب|چای سیاه|دارچین|شکلات کاکائویی,1322.5
1181,شیر با کره بادام زمینی,نوشیدنی گرم,شیرگاو|کره بادام زمینی|شکلات صبحانه,405.5
1183,شیر بادام,نوشیدنی سرد,آب|بادام,1164.5
1184,کاناپ قارچ,ساندویچ و اسنک,قارچ|کره|پنیر خامه ای(CREAM cheese)|کنجد|نان تست,5066.5
1185,گرانولا,وعده آزاد,روغن مایع معمولی|کنجد|عسل|جو پرک|کشمش|جوز هندی|تخمه آفتابگردان|وانیل|خلال بادام,1946
1186,گرانولا با شیر,وعده آزاد,روغن مایع معمولی|شیرگاو|کنجد|جو پرک|کشمش|جوز هندی|تخمه آفتابگردان|خلال بادام,1658.5
1187,گرانولا با بستنی و میوه و شکلات,وعده آزاد,روغن مایع معمولی|آناناس|کنجد|جو پرک|کشمش|جوز هندی|تخمه آفتابگردان|بستنی|خلال بادام|سس شکلات,2350
1188,دوغ خیار,نوشیدنی سرد,نمک|فلفل سیاه|خیار سبز|ماست|آب|نعنا خشک|شوید خشک,914.5
1189,سبزیجات خامه ای,وعده آزاد,پیاز|نمک|فلفل سیاه|روغن مایع معمولی|زیره سیاه|پنیر خامه ای(CREAM cheese)|رب گوجه فرنگی|فلفل دلمه ای|گوجه فرنگی,9589
1191,توپک پنیری با خشکبار,وعده آزاد,روغن مایع معمولی|پنیر|کنجد|کشمش|نعنا خشک|گردو|جو دو سر پرک,967.5
1192,نرگسی اسفناج,خوراک سبزیجات,پیاز|سیر|نمک|فلفل سیاه|زردچوبه|اسفناج معمولی|تخم مرغ,8333
1193,سمبوسه گوشت,ساندویچ و اسنک,پیاز|نمک|فلفل سیاه|زردچوبه|روغن مایع معمولی|نان لواش|گوشت چرخ کرده|پنیر گودا (GOUDA)|رب گوجه فرنگی|فلفل دلمه ای,20032.5
1194,توپک پنیر زیتونی,وعده آزاد,روغن زیتون|پنیر|کنجد|سیاه دانه|زعتر,1725.5
1195,توپک پنیر و گردو و نعنا,وعده آزاد,پنیر|کره|کنجد|نعنا خشک|گردو,2525.5
1196,تست موز با کره بادام زمینی,ساندویچ و اسنک,موز|پسته|نان تست|کره بادام زمینی,5270.5
1197,ساندویچ خرما و گردو,ساندویچ و اسنک,شیرگاو|کره|کنجد|دارچین|پودر زنجبیل|هل|خرما|گردو|نان تست|خلال بادام|خلال پسته,33805
1198,ساندویچ تن ماهی,ساندویچ و اسنک,پیاز|نمک|فلفل سیاه|فلفل سبز|سس مایونز|آب|آبلیمو|کنسرو تن ماهی|نان تست,15995
1199,کلاب سبزیجات,ساندویچ و اسنک,جعفری|نمک|فلفل سیاه|هویج|کرفس|خیار سبز|پنیر خامه ای(CREAM cheese)|گردو|نان تست,34410.5
1200,ساندویچ مرغ و جعفری,ساندویچ و اسنک,گوشت سینه مرغ|پیاز|جعفری|نمک|فلفل سیاه|زردچوبه|سس مایونز|آب|آبلیمو|برگ بو|ذرت|نان تست|رزماری,18670.5
1201,همبرگر ساده,ساندویچ و اسنک,پیاز|نمک|فلفل سیاه|روغن مایع معمولی|گوشت چرخ کرده|گوجه فرنگی|کاهو|پودر سوخاری|سس خردل|خیارشور|نان همبرگر,2708
1202,همبرگر قارچ و پنیر,ساندویچ و اسنک,پیاز|نمک|فلفل سیاه|روغن مایع معمولی|قارچ|گوشت چرخ کرده|کره|پنیر موزارِلّا (MOZZARELLA)|پودر سوخاری|سس خردل|نان همبرگر,3742
1203,نیمرو برگر,ساندویچ و اسنک,پیاز|نمک|فلفل سیاه|روغن مایع معمولی|گوشت چرخ کرده|تخم مرغ|گوجه فرنگی|کاهو|پودر سوخاری|سس خردل|خیارشور|نان همبرگر,8826.5
1204,چیز برگر,ساندویچ و اسنک,پیاز|نمک|فلفل سیاه|روغن مایع معمولی|گوشت چرخ کرده|پنیر چدار (CHEDDAR)|گوجه فرنگی|کاهو|پودر سوخاری|سس خردل|خیارشور|نان همبرگر,2945.5
1205,ساندویچ مرغ گریل,ساندویچ و اسنک,گوشت سینه مرغ|نمک|فلفل سیاه|روغن مایع معمولی|آویشن|آبلیمو|پودر سیر|پاپریکا|پودر پیاز|سس باربیکیو|سس خردل,16343
1208,هویج و کشمش,وعده آزاد,هویج|کره|آبلیمو|عسل|کشمش|دارچین|پودر زنجبیل|شکر|فندق,22467
1209,دمنوش مریم گلی,نوشیدنی گرم,آب|مریم گلی,392
1210,دمنوش ترخون,نوشیدنی گرم,آب|ترخون,392
1211,دمنوش رزماری,نوشیدنی گرم,آب|رزماری,588
1212,دمنوش گل بنفشه,نوشیدنی گرم,آب|گل بنفشه,392
1213,دمنوش شوید,نوشیدنی گرم,آب|تخم شوید,392
1214,دمنوش گل زوفا,نوشیدنی گرم,آب|گل زوفا,392
1215,دمنوش گل همیشه بهار,نوشیدنی گرم,آب|گل همیشه بهار,392
1216,دمنوش اسطوخودوس,نوشیدنی گرم,آب|اسطوخودوس,392
1217,دمنوش زیره سیاه,نوشیدنی گرم,زیره سیاه|آب,298.5
1218,دمنوش نعنا,نوشیدنی گرم,نعناع|آب,766.5
1219,دمنوش مرزنجوش,نوشیدنی گرم,آب|مرزنجوش,392
1220,دمنوش زیره سبز,نوشیدنی گرم,زیره سبز|آب,338.5
1221,دمنوش میخک,نوشیدنی گرم,آب|میخک,392
1222,دمنوش برگ بو,نوشیدنی گرم,آب|برگ بو,392
1243,دمنوش پونه کوهی,نوشیدنی گرم,آب|پونه کوهی یا پونه,392
1244,دمنوش فراسیون,نوشیدنی گرم,آب|فراسیون,392
1245,دمنوش رازیانه,نوشیدنی گرم,آب|رازیانه,392
1247,دمنوش زرشک,نوشیدنی گرم,آب|زرشک,428
1248,دمنوش نعناع و دارچین,نوشیدنی گرم,آب|نعناع|دارچین,2344.5
1249,املت کالباس,تخم مرغ,نمک|فلفل سیاه|شیرگاو|تخم مرغ|کالباس,9792.5
1251,تست پنیر و گوجه,ساندویچ و اسنک,جعفری|نمک|فلفل سیاه|پنیر|آویشن|کره|گوجه فرنگی|نان تست|سیر,12527.5
1252,املت گل کلم,تخم مرغ,پیاز|آرد سفید|نمک|فلفل سیاه|روغن مایع معمولی|شیرگاو|گل کلم معمولی|آب|تخم مرغ,9608.5
1254,پوره میوه,ساندویچ و اسنک,سیب درختی|شیرگاو|کشمش|موز,509
1255,دسر سوهان,دسر,آرد سفید|کره|آب|تخم مرغ|شکر|زعفران|هل|گلاب|روغن حیوانی|آرد جوانه گندم,30422
1256,صبحانه پادشاه,برانچ,نمک|فلفل سیاه|روغن مایع معمولی|کره|رب گوجه فرنگی|تخم مرغ|پودر سیر|گوجه فرنگی|پودر پیاز,17001
1257,املت صیفی جات,تخم مرغ,پیاز|نمک|فلفل سیاه|زردچوبه|روغن مایع معمولی|تخم مرغ|فلفل دلمه ای|بادمجان|گوجه فرنگی,13500.5
1261,ساندویچ تخم مرغ با سس,ساندویچ و اسنک,پیاز|جعفری|نمک|فلفل سیاه|فلفل سبز|سس مایونز|سس کچاپ|آب|تخم مرغ|نان تست,32830
1262,اردو پنیر و گردو,ساندویچ و اسنک,جعفری|نمک|فلفل سیاه|روغن مایع معمولی|پنیر موزارِلّا (MOZZARELLA)|تخم مرغ|گردو,11821
1264,سیب خامه ای,ساندویچ و اسنک,سیب درختی|خامه|آب|پنیر ماسکارپونه|پودر قند|شکر|پودر کاکائو,2305.5
1265,املت قیسی,تخم مرغ,نمک|شیرگاو|کره|شیره انگور|کنجد|تخم مرغ|دارچین|قیسی,18402
1266,ساندویچ تخم مرغ,ساندویچ و اسنک,جعفری|نمک|فلفل سیاه|کره|تخم مرغ|گوجه فرنگی|نان همبرگر,15802
1268,اردو با تن ماهی,ساندویچ و اسنک,نمک|فلفل سیاه|سس مایونز|آبلیمو|تخم مرغ|کنسرو تن ماهی|سبزی معطر,6894
1269,خاگینه پیاز و سبزی,تخم مرغ,پیاز|آرد سفید|نمک|فلفل سیاه|زردچوبه|روغن مایع معمولی|فلفل دلمه ای سبز|پیازچه|شیرگاو|تخم مرغ|سبزی معطر,15627.5
1271,خاگینه شیره,تخم مرغ,آرد سفید|نمک|فلفل سیاه|روغن مایع معمولی|شیره انگور|تخم مرغ,7821.5
1272,رولت خرما و تخم مرغ,تخم مرغ,نمک|فلفل سیاه|روغن مایع معمولی|تخم مرغ|خرما|گردو,17781
1278,رولت مغز,ساندویچ و اسنک,پیاز|آرد سفید|نمک|فلفل سیاه|زردچوبه|روغن مایع معمولی|سرکه|شیرگاو|کره|آب|تخم مرغ|مغز گوسفند,21372
1287,املت میگو,تخم مرغ,پیاز|نمک|فلفل سیاه|زردچوبه|روغن مایع معمولی|میگو|تخم مرغ,8253.5
1288,رولت تخم مرغ و گوشت,تخم مرغ,پیاز|آرد سفید|نمک|فلفل سیاه|زردچوبه|روغن مایع معمولی|گوشت چرخ کرده|رب گوجه فرنگی|تخم مرغ,11496
1291,دسر ورمیشل,دسر,شیرگاو|کره|خامه|کشمش|پودر نارگیل|شکر|هل|خلال بادام|ورمیشل,5896.5
1292,کاچی,دسر,آرد سفید|کره|آب|شیره انگور|دارچین|شکر|زعفران|هل|گردو|خلال بادام|گلاب,27486
1294,املت هویج,تخم مرغ,آرد سفید|نمک|فلفل سیاه|روغن مایع معمولی|هویج|شیرگاو|آناناس|آب|تخم مرغ|دارچین|شکر|زعفران|هل|خلال بادام,38612.5
1295,دسر کدو حلوایی,دسر,کره|آب|شیره انگور|دارچین|شکر|زعفران|هل|کدو حلوایی|گردو|بستنی|گلاب,11249
1298,املت شکر,تخم مرغ,آرد سفید|نمک|فلفل سیاه|روغن مایع معمولی|شیرگاو|تخم مرغ|شکر,9859.5
1299,لبو عسلی,دسر,آب|چغندر قرمز|نبات,2634.5
1302,دسر کاسترد,دسر,شیرگاو|شکر|گلاب|کاسترد,451
1306,املت کلم سفید,تخم مرغ,پیاز|نمک|فلفل سیاه|زردچوبه|روغن مایع معمولی|پنیر موزارِلّا (MOZZARELLA)|تخم مرغ|کلم برگ سفید,10037
1308,گوجه بادمجان,خوراک سبزیجات,نمک|فلفل سیاه|زردچوبه|روغن مایع معمولی|آبغوره|آب|رب گوجه فرنگی|بادمجان|گوجه فرنگی,11245
1310,بلال مکزیکی,برانچ,نمک|فلفل سیاه|شیرگاو|آویشن|کره|آب|پنیر پارمزان (PARMESAN)|شکر|پاپریکا|سس خردل|بلال,15249
1312,وافل,دسر,آرد سفید|نمک|روغن مایع معمولی|شیرگاو|تخم مرغ|شکر|بکینگ پودر|وانیل,25914
1313,اسنک اسفناج و پنیر,ساندویچ و اسنک,نمک|فلفل سیاه|اسفناج معمولی|پنیر موزارِلّا (MOZZARELLA)|نان تست,6038
1314,حلیم جو,برانچ,نمک|کره|آب|دارچین|شکر|جو دو سر پرک,5885.5
1315,املت کدو سبز,تخم مرغ,نمک|فلفل سیاه|روغن مایع معمولی|تخم مرغ|کدو سبز,8823
1317,سالاد فصل,سالاد,نمک|فلفل سیاه|هویج|سس مایونز|خیار سبز|آبلیمو|گوجه فرنگی|کاهو|کلم برگ سفید|کلم برگ قرمز,9084
1378,گل کلم سوخاری,برانچ,آرد سفید|نمک|سرکه|شیرگاو|گل کلم معمولی|آب|آرد سوخاری|تخم مرغ|روغن سرخ کردنی,10895.5
1507,نان و پنیر و گردو,غذای سبک,انواع نان|پنیر|گردو,2598
1508,نان و پنیر و حلوا ارده,غذای سبک,انواع نان|پنیر|حلوا ارده,382.5
1509,نان و پنیر و سبزی,غذای سبک,انواع نان|پنیر|سبزی خوردن,320
1511,نان و پنیر و مربا,غذای سبک,انواع نان|پنیر|مربا,191
1512,نان و حلوا ارده و عسل,غذای سبک,انواع نان|عسل|حلوا ارده,764.5
1518,نان و کره و مربا,غذای سبک,انواع نان|کره|مربا,2586.5
1520,نان و پنیر و خرما,غذای سبک,انواع نان|پنیر|خرما,775
1522,خمیر پیتزا (نازک),دستورات مکمل,آرد سفید|نمک|روغن مایع معمولی|آب|خمیر مایه|نشاسته ذرت|شکر|آرد ذرت,22404.5
593,سالاد هویج و زیتون,سالاد,روغن زیتون|هویج|فلفل قرمز|سس کچاپ|رب انار|زیتون|مرزه|گردو,12563.5
1316,سالاد شیرازی,سالاد,پیاز|نمک|آبغوره|خیار سبز|نعنا خشک|گوجه فرنگی,5264
506,شنیتسل ماهی,دریایی,نمک|فلفل سیاه|شیرگاو|تخم مرغ|پیاز|جعفری|فلفل سیاه|سس مایونز|آبلیمو|سس خردل|خیارشور|آرد سفید|نمک|فلفل سیاه|روغن مایع معمولی|آرد سوخاری|فیله ماهی,45329
507,ماهی قزل آلا با زعفران,دریایی,پیاز|نمک|فلفل سیاه|زردچوبه|ماست|ماهی قزل الا|کره|خامه|سرکه انگور|شکر|زعفران|شوید,20368.5
508,ماهی کاری,دریایی,نمک|زردچوبه|روغن مایع معمولی|فلفل قرمز|فیله ماهی|پیاز|سیر|نمک|فلفل سیاه|زیره سیاه|ماست|آب|پودر خردل|دارچین|هل|میخک|گوجه فرنگی|گشنیز,52840.5
510,گولاش ماهی,دریایی,نمک|فلفل سیاه|فیله ماهی|پیاز|نمک|فلفل سیاه|روغن مایع معمولی|آب|رب گوجه فرنگی|پاپریکا,26560
511,ماهی استراگانف,دریایی,پیاز|جعفری|نمک|فلفل سیاه|روغن مایع معمولی|قارچ|آویشن|خامه|ماست چکیده|پودر خردل|فیله ماهی,20696.5
513,ماهی با نارنج و گلپر,دریایی,نمک|فلفل سیاه|کره|گلپر|فیله ماهی|آب نارنج,11664
514,ماهی با قارچ,دریایی,پیاز|نمک|فلفل سیاه|قارچ|لیمو ترش|ماهی قزل الا|کره|سرکه انگور|شکر|فلفل دلمه ای,20514
515,ماهی موپلاه,دریایی,پیاز|سیر|نمک|فلفل سیاه|زردچوبه|روغن مایع معمولی|فلفل سبز|آب|رب گوجه فرنگی|زنجبیل تازه|تخم گشنیز|گرام ماسالا|گوجه فرنگی|گشنیز|فیله ماهی,49489.5
516,ماهی با سس ارده,دریایی,پیاز|سیر|نمک|روغن مایع معمولی|فلفل قرمز|ارده|آبلیمو|شوید|فیله ماهی,9208
517,ماهی در شیر,دریایی,نمک|فلفل سیاه|شیرگاو|کره|آرد سوخاری|فیله ماهی,13258.5
518,ماهی با لیمو و خامه,دریایی,آرد سفید|نمک|فلفل سیاه|روغن مایع معمولی|خامه|آبلیمو|فیله ماهی,11893
519,ماهی سیر داغ,دریایی,سیر|آرد سفید|نمک|فلفل سیاه|زردچوبه|روغن مایع معمولی|آب|فیله ماهی|آب نارنج,19609.5
522,میگو سرخ کرده با سس چیلی,دریایی,سیر|نمک|فلفل سیاه|روغن مایع معمولی|میگو|پیاز|نمک|روغن مایع معمولی|فلفل قرمز|آب|رب گوجه فرنگی|آرد سوخاری|بادام,25169
523,میگو سرخ کرده پفکی,دریایی,پیاز|سیر|آرد سفید|نمک|فلفل سیاه|زردچوبه|روغن مایع معمولی|ماست|میگو|آبلیمو|پیاز|نمک|روغن مایع معمولی|فلفل قرمز|آب|رب گوجه فرنگی|آرد سوخاری|بادام,43466.5
1050,ماهی شکم پر مازندران,دریایی,پیاز|نمک|فلفل سیاه|رب انار|گلپر|گردو|سبزی مخصوص,8633
449,خوراک مرغ زعفرانی,خوراک مرغ,پیاز|نمک|فلفل سیاه|زردچوبه|روغن مایع معمولی|گوشت مرغ|دارچین|زعفران|هل|برگ بو,53887.5
451,خوراک مرغ لقمه‌ای زعفرانی,خوراک مرغ,گوشت سینه مرغ|پیاز|نمک|فلفل سیاه|زردچوبه|روغن مایع معمولی|زعفران|هل,15425
453,خوراک مرغ و سویا سس,خوراک مرغ,گوشت سینه مرغ|پیاز|جعفری|نمک|فلفل سیاه|روغن مایع معمولی|پودر سیر|لیمو|سویا سس,19377
454,خوراک مرغ و صیفی جات,خوراک مرغ,پیاز|سیر|جعفری|نمک|فلفل سیاه|روغن مایع معمولی|هویج|قارچ|کرفس|گوشت مرغ|آویشن|خامه|کدو سبز|ترخون|ذرت,41519
456,خوراک مرغ با پیاز و قارچ,خوراک مرغ,پیاز|سیر|آرد سفید|جعفری|نمک|فلفل سیاه|روغن مایع معمولی|قارچ|لیمو ترش|گوشت مرغ|خامه|تخم مرغ|جوز هندی|دارچین|میخک,27324
457,خوراک مرغ و سیب,خوراک مرغ,پیاز|آرد سفید|نمک|فلفل سیاه|سیب درختی|گوشت مرغ|کره|آب|عصاره مرغ|دارچین|شکر,23288.5
460,خوراک مرغ با پوره پیاز,خوراک مرغ,گوشت سینه مرغ|پیاز|جعفری|نمک|فلفل سیاه|روغن مایع معمولی|هویج|کرفس|نعناع|آب|برگ بو|تره فرنگی|پیاز|آرد سفید|نمک|شیرگاو|کره,58899
1011,ترش کباب,کباب,گوشت سینه مرغ|پیاز|نمک|فلفل سیاه|زردچوبه|روغن مایع معمولی|آبغوره|آب|رب گوجه فرنگی|سیب زمینی|بادمجان|گوجه فرنگی,31059.5
997,مرغ لَوَنگی,خوراک مرغ,پیاز|نمک|فلفل سیاه|زردچوبه|روغن مایع معمولی|آبغوره|گوشت مرغ|آب|دارچین|گوجه فرنگی|گردو|رب آلوچه,27274
897,شورب یا شوربا,خوراک مرغ,پیاز|آرد سفید|نمک|فلفل سیاه|زردچوبه|روغن مایع معمولی|گوشت مرغ|آب|ادویه تندوری,9568.5
472,مرغ و سیب زمینی با سس کره و سیر,خوراک مرغ,گوشت سینه مرغ|سیر|نمک|فلفل سیاه|روغن زیتون|فلفل سبز|سس کچاپ|آویشن|کره|سیب زمینی|ریحان|سویا سس|رزماری,46766
470,خوراک مرغ لیمویی,خوراک مرغ,سیر|لیمو ترش|گوشت مرغ|کره|آب|عصاره مرغ|آبلیمو|نشاسته ذرت|ریحان|رزماری,11036.5
469,مرغ سرخ کرده ژاپنی,خوراک مرغ,روغن مایع معمولی|گوشت مرغ|پودر زنجبیل|پودر نشاسته|سویا سس,4960.013
468,خوراک مرغ در گردو,خوراک مرغ,آرد سفید|نمک|فلفل سیاه|روغن مایع معمولی|گوشت مرغ|شیرگاو|آویشن|پودر قند|آرد سوخاری|تخم مرغ|پودر زنجبیل|پودر سیر|پاپریکا|گردو,29501
467,مرغ در شیر نارگیل,خوراک مرغ,پیاز|سیر|نمک|فلفل سیاه|فلفل سبز|لیمو ترش|گوشت مرغ|کره|دانه زیره|پودر زنجبیل|بادام|شیر نارگیل,44242
466,مرغ در سس پیاز و سرکه,خوراک مرغ,گوشت سینه مرغ|پیاز|نمک|فلفل قرمز|کره|آب|سرکه انگور|شکر|برگ بو,30957
464,خوراک مرغ پرتقالی,خوراک مرغ,پیاز|نمک|فلفل سیاه|روغن مایع معمولی|گوشت مرغ|کره|زرشک|عسل|زعفران|آب پرتقال,22612.5
462,خوراک مرغ و قارچ چینی,خوراک مرغ,گوشت سینه مرغ|فلفل سیاه|روغن مایع معمولی|قارچ|پیازچه|دارچین|پودر زنجبیل|جوانه ماش|رازیانه|سویا سس,12480.5
461,خوراک مرغ با سس مخصوص,خوراک مرغ,گوشت سینه مرغ|سیر|نمک|فلفل سیاه|روغن مایع معمولی|روغن زیتون|پیازچه|سس کچاپ|آویشن|آبلیمو|سرکه بالزامیک|عسل|پودر خردل|پودر سیر|پاپریکا|سماق|ریحان خشک,61006
471,خوراک مرغ و بادمجان,خوراک مرغ,گوشت سینه مرغ|پیاز|نمک|فلفل سیاه|روغن مایع معمولی|فلفل دلمه ای|بادمجان|گوجه فرنگی,16974
1301,سالاد ماکارونی,سالاد,نمک|فلفل سیاه|هویج|سس مایونز|آویشن|آبلیمو|ژامبون|ذرت|ماکارونی فرمی|سس خردل|نخود فرنگی|خیارشور,34617.5
1304,سالاد پاییزی,سالاد,نمک|فلفل سیاه|هویج|سس مایونز|آبلیمو|کلم برگ قرمز|انار,9830.5
392,ارده و تخم مرغ,پیش غذا,سیر|جعفری|نمک|روغن زیتون|زیره سیاه|ارده|آبلیمو|تخم مرغ|گشنیز,10691
393,ارده و ماست,پیش غذا,سیر|نمک|فلفل سیاه|ماست|ارده|آبلیمو|گشنیز,3780
395,ایکرا,پیش غذا,پیاز|نمک|فلفل سیاه|روغن مایع معمولی|روغن زیتون|بادمجان|گوجه فرنگی,7214
396,باباغنوج,پیش غذا,پیاز|نمک|فلفل سیاه|روغن زیتون|رب انار|آبلیمو|فلفل دلمه ای|بادمجان|گوجه فرنگی|گردو,11621.5
398,حُمص با گوشت,پیش غذا,سیر|نمک|فلفل سیاه|روغن زیتون|ماست|آب|ارده|آبلیمو|نخود|پیاز|سیر|نمک|فلفل سیاه|زردچوبه|گوشت چرخ کرده|جوز هندی|خلال بادام,25541.5
399,حُمص محمره,پیش غذا,سیر|نمک|فلفل سیاه|روغن زیتون|ماست|آب|ارده|آبلیمو|نخود|سیر|نمک|فلفل سیاه|روغن زیتون|پاپریکا|فلفل دلمه ای|گوجه فرنگی,24950
401,دیپ قارچ,پیش غذا,سیر|نمک|قارچ|فلفل قرمز|سس مایونز|پونه کوهی یا پونه|گردو,3155
405,فطایر گوشت و قارچ,پیش غذا,آرد سفید|نمک|روغن زیتون|شیرگاو|کره|خمیر مایه|شکر|شیرگاو|تخم مرغ|پیاز|نمک|فلفل سیاه|زردچوبه|قارچ|گوشت چرخ کرده|آویشن|رب گوجه فرنگی|فلفل دلمه ای,61489
406,فطایر مرغ و قارچ,پیش غذا,آرد سفید|نمک|روغن زیتون|شیرگاو|کره|خمیر مایه|شکر|شیرگاو|تخم مرغ|گوشت سینه مرغ|پیاز|نمک|فلفل سیاه|زردچوبه|روغن زیتون|فلفل قرمز|ادویه تندوری|فلفل دلمه ای,68334.5
403,فطایر اسفناج و پنیر,پیش غذا,آرد سفید|نمک|روغن زیتون|شیرگاو|کره|خمیر مایه|شکر|شیرگاو|تخم مرغ|نمک|فلفل سیاه|اسفناج معمولی|پنیر خامه ای(CREAM cheese)|تخم گشنیز|گردو,46270
404,فطایر خرما و گردو,پیش غذا,آرد سفید|نمک|روغن زیتون|شیرگاو|کره|خمیر مایه|شکر|شیرگاو|تخم مرغ|کره|کنجد|دارچین|هل|خرما|گردو,52446
407,قارچ کاراملی,پیش غذا,سیر|فلفل سیاه|روغن زیتون|قارچ|آب|سرکه بالزامیک|عسل|پودر نشاسته|سویا سس,4904
408,کاپوناتا,پیش غذا,سیر|نمک|فلفل سیاه|روغن مایع معمولی|آویشن|فلفل دلمه ای|بادمجان|گوجه فرنگی|مرزه|ریحان,13607
1137,سالاد الویه,پیش غذا,گوشت سینه مرغ|پیاز|نمک|فلفل سیاه|زردچوبه|روغن زیتون|هویج|سس مایونز|ماست|خیار شور|آب|آبلیمو|تخم مرغ|برگ بو|سیب زمینی|رزماری|نخود فرنگی,46129
423,دلمه کلم ترکیه,پیش غذا,روغن مایع معمولی|آب|رب گوجه فرنگی|آبلیمو|شکر|زعفران|نمک|آب|کلم پیچ|پیاز|نمک|فلفل سیاه|روغن مایع معمولی|آب|آبلیمو|کشمش|برنج|جوز هندی|دارچین|نعنا خشک|شوید خشک|شکر|میخک|گوجه فرنگی|خلال بادام,72890.5
409,کاسادیا,پیش غذا,گوشت سینه مرغ|پیاز|نمک|فلفل سیاه|زردچوبه|روغن زیتون|فلفل قرمز|سس مایونز|نان پیتا Pita Bread|پنیر موزارِلّا (MOZZARELLA)|ادویه تندوری|فلفل دلمه ای,24137
410,کاناپه پنیر,پیش غذا,جعفری|فلفل سیاه|پنیر ماسکارپونه|پنیر خامه ای(CREAM cheese)|بیسکویت ساده|گوجه گیلاسی,762.5
411,کرپ سوخاری اسفناج و پنیر,پیش غذا,آرد سفید|نمک|روغن مایع معمولی|شیرگاو|آب|تخم مرغ|شکر|نمک|شیرگاو|آرد سوخاری|تخم مرغ|نمک|فلفل سیاه|اسفناج معمولی|پنیر خامه ای(CREAM cheese)|تخم گشنیز|گردو,75376.5
412,کرپ سوخاری خرما و گردو,پیش غذا,آرد سفید|نمک|روغن مایع معمولی|شیرگاو|آب|تخم مرغ|شکر|نمک|شیرگاو|آرد سوخاری|تخم مرغ|کره|کنجد|دارچین|هل|خرما|گردو,81552.5
413,کرپ سوخاری گوشت و قارچ,پیش غذا,آرد سفید|نمک|روغن مایع معمولی|شیرگاو|آب|تخم مرغ|شکر|نمک|شیرگاو|آرد سوخاری|تخم مرغ|پیاز|نمک|فلفل سیاه|زردچوبه|روغن مایع معمولی|قارچ|گوشت چرخ کرده|آویشن|رب گوجه فرنگی|فلفل دلمه ای,216735
414,کرپ سوخاری مرغ و قارچ,پیش غذا,آرد سفید|نمک|روغن مایع معمولی|شیرگاو|آب|تخم مرغ|شکر|نمک|شیرگاو|آرد سوخاری|تخم مرغ|گوشت سینه مرغ|پیاز|نمک|فلفل سیاه|زردچوبه|روغن زیتون|فلفل قرمز|ادویه تندوری|فلفل دلمه ای,104058
415,کشک و بادمجان,پیش غذا,پیاز|سیر|نمک|فلفل سیاه|زردچوبه|روغن مایع معمولی|آب|کشک|نعنا خشک|بادمجان|گردو,17501
417,متبل,پیش غذا,سیر|روغن زیتون|ماست|ارده|آبلیمو|بادمجان,2290
416,کشک و کدو,پیش غذا,پیاز|سیر|نمک|فلفل سیاه|زردچوبه|روغن مایع معمولی|آب|کشک|نعنا خشک|کدو سبز,14323
419,بادمجان شکم پر ایران,پیش غذا,پیاز|نمک|فلفل سیاه|زردچوبه|روغن مایع معمولی|رب گوجه فرنگی|گوشت گوسفند|تخم گشنیز|میخک|فلفل دلمه ای|بادمجان|سیر|نمک|فلفل سیاه|زردچوبه|روغن مایع معمولی|آبغوره|رب گوجه فرنگی,54722.5
422,دلمه کلم ایران,پیش غذا,روغن مایع معمولی|آب|رب گوجه فرنگی|آبلیمو|شکر|زعفران|نمک|آب|کلم پیچ|پیاز|سیر|نمک|فلفل سیاه|زردچوبه|روغن مایع معمولی|گوشت چرخ کرده|آب|برنج|لپه|سبزی دلمه,62684
572,سالاد سیب و بروکلی,سالاد,پیاز|نمک|روغن مایع معمولی|هویج|سیب درختی|لیمو ترش|سس مایونز|ماست|گل کلم معمولی|عسل|کشمش|گردو,9689
649,چیز کیک شکلاتی,کیک,آرد سفید|روغن مایع معمولی|شیرگاو|تخم مرغ|شکر|بکینگ پودر|پودر کاکائو|وانیل|آرد سفید|شیرگاو|کره|نشاسته ذرت|شکر|شکلات کاکائویی|وانیل,21738.25
650,کاپ کیک با مغز کرمفیل,کیک,آرد سفید|شیرگاو|کره|تخم مرغ|شکر|شکلات کاکائویی|کرمفیل|بکینگ پودر|پودر کاکائو|وانیل,14872.75
652,کاپ کیک نارگیل شکلاتی,کیک,آرد سفید|روغن مایع معمولی|شیرگاو|تخم مرغ|پودر نارگیل|شکر|بکینگ پودر|پودر کاکائو|وانیل,14224.5
651,کاپ کیک مغزدار,کیک,آرد سفید|روغن مایع معمولی|شیرگاو|تخم مرغ|شکر|بکینگ پودر|پودر کاکائو|وانیل|پودر قند|تخم مرغ|پودر نارگیل,17198.5
653,کاپ کیک نسکافه,کیک,آرد سفید|روغن مایع معمولی|شیرگاو|تخم مرغ|شکر|بکینگ پودر|پودر نسکافه|وانیل,6436.5
654,نان کندو عسلی,کیک,آرد سفید|نمک|شیرگاو|کره|خمیر مایه|شکر|بکینگ پودر|شیرگاو|تخم مرغ|زعفران|آب|آبلیمو|شکر|گلاب|پنیر|خرما|گردو,22983.25
574,سالاد شاورما,سالاد,گوشت سینه مرغ|پیاز|سیر|جعفری|نمک|نان لواش|ماست پر چرب|ارده|آبلیمو|سماق|سیب زمینی|کاهو|گشنیز,6525.5
655,کیک آشتی کنون,کیک,آرد سفید|روغن مایع معمولی|شیرگاو|ارده|کنجد|تخم مرغ|شکر|بکینگ پودر|وانیل,8718.25
656,کیک آفتاب,کیک,آرد سفید|نمک|روغن مایع معمولی|ماست|تخم مرغ|شکر|زعفران|هل|بکینگ پودر|وانیل|شیرگاو|زعفران|هل|شیر عسل,19920
657,کیک براونی,کیک,آرد سفید|کره|آب|تخم مرغ|شکر|بکینگ پودر|پودر کاکائو|وانیل,8380.25
658,کیک خیس شکلاتی,کیک,آرد سفید|روغن مایع معمولی|شیرگاو|تخم مرغ|شکر|بکینگ پودر|پودر کاکائو|وانیل,13489.25
659,کیک خیس کاراملی,کیک,آرد سفید|روغن مایع معمولی|شیرگاو|تخم مرغ|شکر|کرم کارامل|بکینگ پودر|وانیل,11474.75
660,کیک دارچینی,کیک,آرد سفید|روغن مایع معمولی|چای سیاه|تخم مرغ|دارچین|شکر|بکینگ پودر|وانیل,6501
661,کیک زمستانه,کیک,آرد سفید|روغن مایع معمولی|ماست|تخم مرغ|پودر زنجبیل|شکر|بکینگ پودر|وانیل|جوش شیرین,10713.5
662,کیک شکلاتی با سس گاناش,کیک,آرد سفید|روغن مایع معمولی|آب|تخم مرغ|شکر|بکینگ پودر|پودر کاکائو|وانیل|خامه|شکلات کاکائویی,15692
663,کیک شکلاتی پنبه‌ای,کیک,آرد سفید|روغن مایع معمولی|آب|تخم مرغ|شکر|بکینگ پودر|پودر کاکائو|وانیل,11694
665,کیک شنی,کیک,آرد سفید|روغن مایع معمولی|ماست|تخم مرغ|پودر نارگیل|شکر|هل|بکینگ پودر|شیر عسل,10506
666,کیک صبحانه ویژه,کیک,آرد سفید|روغن مایع معمولی|خامه|تخم مرغ|شکر|بکینگ پودر|وانیل,7150
667,کیک طلا,کیک,آرد سفید|روغن مایع معمولی|شیرگاو|کنجد|تخم مرغ|شکر|زعفران|بکینگ پودر|وانیل,9593.25
668,کیک غنچه,کیک,آرد سفید|روغن مایع معمولی|تخم مرغ|شکر|بکینگ پودر|وانیل|گلاب,5926.5
669,کیک گرمسیری,کیک,آرد سفید|کره|پودر قند|تخم مرغ|پودر نارگیل|هل|بکینگ پودر|وانیل|آب|شکر|زعفران|گلاب,17178.25
670,کیک ماسالا,کیک,آرد سفید|روغن مایع معمولی|شیرگاو|تخم مرغ|جوز هندی|دارچین|پودر زنجبیل|شکر|هل|میخک|بکینگ پودر|پودر کاکائو|جوش شیرین|گلاب,22327.75
671,کیک مغزدار پسته و هل,کیک,آرد سفید|شیرگاو|کره|تخم مرغ|شکر|هل|بکینگ پودر|گلاب|شکر|هل|پسته,21169.5
672,کیک ژله‌ای موزی,کیک,آرد سفید|روغن مایع معمولی|شیرگاو|تخم مرغ|شکر|پودر ژله|بکینگ پودر|اسانس,10724.25
673,کیک نسکافه و قهوه,کیک,آرد سفید|روغن مایع معمولی|شیرگاو|کره|تخم مرغ|شکر|قهوه|بکینگ پودر|پودر نسکافه|وانیل,18897.5
674,کیک هویج و گردو,کیک,آرد سفید|نمک|روغن مایع معمولی|هویج|تخم مرغ|دارچین|شکر|گردو|بکینگ پودر|وانیل,11245.75
675,کیک یزدی اصیل,کیک,آرد سفید|روغن مایع معمولی|ماست|تخم مرغ|شکر|هل|جوش شیرین|روغن جامد,13149.5
676,لوف کیک دو رنگ,کیک,آرد سفید|روغن مایع معمولی|ماست|کنجد|تخم مرغ|شکر|بکینگ پودر|وانیل|گلاب|ماست|پودر کاکائو,22534
677,لوف کیک عصرانه,کیک,آرد سفید|نمک|روغن مایع معمولی|شیرگاو|تخم مرغ|شکر|بکینگ پودر|وانیل,11660.5
1232,ساندویچ ژامبون,ساندویچ و اسنک,زیتون|ژامبون|گوجه فرنگی|کاهو|نان تست,2426.5
1296,تست قارچ,ساندویچ و اسنک,سیر|نمک|فلفل سیاه|قارچ|پیازچه|کره|خامه|نان تست,13083.5
582,سالاد گل کلم,سالاد,پیاز|آرد سفید|نمک|نمک|فلفل قرمز|سس مایونز|شیرگاو|گل کلم معمولی|آویشن|کره|گشنیز|بادام,11541
335,باقالی پلو با ماهیچه,پلو و دمی,پیاز|سیر|نمک|فلفل سیاه|روغن مایع معمولی|آب|برنج|ماهیچه|دارچین|شوید خشک|زعفران|باقلا,25345.5
1158,چای شیر هندی,نوشیدنی گرم,شیرگاو|آب|چای سیاه|شکر,934
334,باقالی پلو,پلو و دمی,نمک|روغن مایع|آب|برنج|دارچین|شوید خشک|زعفران|باقلا,16345.5
336,باقالی پلو با مرغ,پلو و دمی,گوشت سینه مرغ|پیاز|نمک|فلفل سیاه|زردچوبه|روغن مایع|آب|برنج|دارچین|دارچین|شوید خشک|زعفران|هل|برگ بو|باقلا,48911
337,برنج کاسه ای آذری,پلو و دمی,پیاز|نمک|زردچوبه|روغن مایع|هویج|آب|زرشک|برنج|دارچین|پودر کاری|زعفران|تخم گشنیز|ذرت|نخود فرنگی|خلال بادام|خلال پسته|گوشت سینه مرغ|پیاز|نمک|فلفل سیاه|زردچوبه|روغن مایع|زعفران|هل,109673.5
339,دمی بلغور,پلو و دمی,پیاز|نمک|فلفل سیاه|روغن مایع|بلغور گندم|رب گوجه فرنگی|گوجه فرنگی,14866
340,پسته پلو با مرغ,پلو و دمی,پیاز|نمک|فلفل سیاه|زردچوبه|روغن مایع|گوشت مرغ|برنج|دارچین|شوید خشک|زعفران|هل|برگ بو|پسته,40107
341,پلو بادمجان با مرغ,پلو و دمی,گوشت سینه مرغ|پیاز|نمک|فلفل سیاه|زردچوبه|روغن مایع|برنج|دارچین|زعفران|هل|بادمجان,30289
342,پلو بریانی,پلو و دمی,پیاز|سیر|نمک|فلفل سیاه|زردچوبه|زیره سیاه|نعناع|ماست چکیده|برنج|گوشت گوسفند|دارچین|زنجبیل تازه|پودر کاری|زعفران|هل|میخک|لیمو عُمانی (اَمانی)|فلفل سبز تند|گشنیز,75961
343,پلو شوشتری,پلو و دمی,نمک|لوبیا چشم بلبلی|برنج|دارچین|زعفران|شوید,1275
344,پلو شوشتری با گوشت,پلو و دمی,پیاز|نمک|فلفل سیاه|زردچوبه|روغن مایع|لوبیا چشم بلبلی|گوشت چرخ کرده|آرد سوخاری|برنج|دارچین|زعفران|شوید,15972.5
345,پلو شوشتری با مرغ,پلو و دمی,گوشت سینه مرغ|پیاز|نمک|فلفل سیاه|زردچوبه|لوبیا چشم بلبلی|برنج|دارچین|زعفران|هل|شوید,31216.5
348,ته چین اسفناج با گوشت,پلو و دمی,پیاز|نمک|فلفل سیاه|زردچوبه|روغن مایع|زیره سیاه|گوشت چرخ کرده|اسفناج|ماست چکیده|آرد سوخاری|برنج|تخم مرغ|دارچین|زعفران|گلاب,22423.5
352,کته زعفرانی,پلو و دمی,نمک|روغن مایع|آب|برنج|زعفران,6070.5
361,سماق پلو با گوشت,پلو و دمی,پیاز|نمک|فلفل سیاه|زردچوبه|روغن مایع|گوشت چرخ کرده|آرد سوخاری|برنج|سماق,9416
362,سیب پلو کرمانشاهی,پلو و دمی,پیاز|نمک|فلفل سیاه|زردچوبه|گوشت چرخ کرده|آب|کشمش|برنج|زعفران|سیب زمینی|شوید|خرما|روغن سرخ کردنی|روغن کرمانشاهی,29470
363,شیر پلو تبریزی,پلو و دمی,گوشت سینه مرغ|پیاز|نمک|فلفل سیاه|شیرگاو|کره|آب|کشمش|برنج|دارچین|زعفران|هل|خلال بادام|خلال پسته|گلاب,40312
364,شیرین پلو با مرغ,پلو و دمی,گوشت سینه مرغ|پیاز|نمک|فلفل سیاه|زردچوبه|روغن مایع|کره|آب|زرشک|برنج|شکر|زعفران|هل|خلال بادام|خلال پسته|پوست پرتقال,51858
367,قنبر پلو شیرازی,پلو و دمی,پیاز|نمک|روغن مایع|آب|رب انار|شیره انگور|کشمش|برنج|گردو,9507.5
366,قنبر پلو شیرازی با مرغ,پلو و دمی,پیاز|نمک|فلفل سیاه|زردچوبه|روغن مایع|رب انار|شیره خرما|کشمش|برنج|زعفران|هل|گردو|گوشت چرخ کرده مرغ,27036.5
368,قیمه نثار,پلو و دمی,نمک|فلفل سیاه|زردچوبه|روغن مایع|کره|آب|رب گوجه فرنگی|زرشک|برنج|گوشت گوسفند|دارچین|شکر|زعفران|هل|خلال بادام|خلال پسته|گلاب|پوست پرتقال,48564
370,کشمش پلو,پلو و دمی,نمک|روغن مایع|کره|آب|کشمش|برنج|زعفران,17406.5
1100,طرز تهیه برنج آبکشی,دستورات مکمل,نمک|روغن مایع|برنج,8872.5
478,خورش ساق,خورشت,اسفناج|کره|عصاره گوشت|گشنیز|لپه|آرد برنج|آب نارنج|پیاز|نمک|فلفل سیاه|زردچوبه|آرد سوخاری|گوشت چرخ کرده مرغ,9843.5
524,اسلایس شَعریه,دسر,روغن مایع|آب|تخم مرغ|پودر نارگیل|شعریه|شیر خشک|بکینگ پودر|آب|آبلیمو|شکر|زعفران|هل,5179.75
526,پاناکوتا,دسر,شیرگاو|خامه|آب|شکر|پودر ژله|ژلاتین|وانیل,3676
527,پودینگ برنج,دسر,نمک|شیرگاو|کره|خامه|برنج|شکر|وانیل,13427
528,پودینگ شکلاتی,دسر,آرد سفید|شیرگاو|خامه|نشاسته ذرت|شکر|شکلات کاکائویی|پودر کاکائو|وانیل,3633.5
529,پودینگ موزی,دسر,شیرگاو|نشاسته ذرت|شکر|زعفران|موز|پودر کاکائو|وانیل|گلاب,3261
531,تیرامیسو,دسر,خامه|آب|پنیر ماسکارپونه|بیسکویت ساده|پودر قند|پودر نسکافه,2638
532,توپک پنیری,دسر,آرد سفید|روغن مایع|روغن مایع|شیرگاو|ماست|آب|پنیر خامه ای(CREAM cheese)|خمیر مایه|شکر|شعریه|شیر خشک|بکینگ پودر|شیر عسل,9280.25
533,توپک شَعریه,دسر,کره|شعریه|شیر خشک|شیر عسل,1197.75
534,توپک کنجدی,دسر,کره|شیره انگور|کنجد|عسل,1502.3752
537,حلوا شیر خشک عربی,دسر,آرد سفید|روغن مایع|آب|نشاسته ذرت|شکر|زعفران|شیر خشک,4003.5
536,حلوا شَعریه,دسر,کره|زعفران|هل|شعریه|شیر عسل,3143.5
539,دسر ایرانه,دسر,شیرگاو|خامه|آب|شکر|زعفران|ژلاتین|گلاب,2680.5
540,دسر شانامو,دسر,خامه|پنیر ماسکارپونه|پودر ژله|ژلاتین|بستنی|شیر عسل,4382
541,دسر شَعریه با شیر,دسر,شیرگاو|کره|خامه|آب|نشاسته ذرت|زعفران|هل|شعریه|گلاب|شیر عسل,10055.5
543,دسر عربی,دسر,شیرگاو|خامه|بیسکویت ساده|شکر|ژلاتین|کرم کارامل|پودر نسکافه,1933
560,سالاد باقلا سبز مصر,سالاد,سیر|نمک|فلفل سیاه|روغن زیتون|پنیر فتا (FATA)|آبلیمو|باقلا|شوید,3110.5
561,سالاد پرچم,سالاد,پیاز|نمک|فلفل سیاه|روغن زیتون|آویشن|سرکه انگور|فلفل دلمه ای|گوجه فرنگی|مرزه,2030
565,سالاد رنگین کمان,سالاد,جعفری|نمک|فلفل سیاه|روغن زیتون|نعناع|خیار سبز|زیتون|آبلیمو|فلفل دلمه ای|گوجه فرنگی,4436
577,سالاد فتوش,سالاد,جعفری|روغن زیتون|پیازچه|فلفل سبز|تربچه|نان پیتا Pita Bread|رب انار|آبلیمو|سماق|گوجه فرنگی|کاهو,25028.5
585,سالاد لوبیا سبز,سالاد,پیاز|جعفری|هویج|سس مایونز|لوبیا سبز,2685.5
1300,سالاد اندونزی,سالاد,هویج|سس مایونز|آبلیمو|ژامبون|کلم برگ سفید|کلم برگ قرمز|ذرت|نخود فرنگی|خیارشور,15248.5
538,دسر ایرمیک,دسر,آرد سفید|شیرگاو|آرد سمولینا|نشاسته ذرت|نان تست|آب|شکر|زعفران|خامه|شکلات کاکائویی,4143.75
542,دسر شیر موز,دسر,شیر گاو پر چرب|خامه|آب|شکر|زعفران|موز|ژلاتین|وانیل,2677
1008,برانی کدو,خوراک سبزیجات,پیاز|سیر|نمک|فلفل سیاه|زردچوبه|روغن مایع|آبغوره|سیب زمینی|گوجه فرنگی|کدو سبز,19548.5
1182,دالگونا,نوشیدنی سرد,شیرگاو|آب|شکر|پودر نسکافه,1269
351,ته چین مرغ,پلو و دمی,گوشت سینه مرغ|پیاز|نمک|فلفل سیاه|زردچوبه|روغن مایع|آب|ماست چکیده|زرشک|برنج|تخم مرغ|زعفران|هل|خلال بادام|خلال پسته|گلاب,25109.5
389,پیتزا کالزون مرغ,پیتزا,سیر|نمک|فلفل سیاه|روغن زیتون|قارچ|گوشت مرغ|سس کچاپ|آویشن|خامه|فلفل دلمه ای|خمیر|شیر گاو پر چرب|تخم مرغ|سیاه دانه,40906
1523,سس محمره,دستورات مکمل,سیر|نمک|فلفل سیاه|پاپریکا|فلفل دلمه ای|گوجه فرنگی,6854
385,پیتزا تندوری,پیتزا,روغن مایع|سس کچاپ|پنیر پیتزای پروسس (PROCESS cheese)|فلفل دلمه ای|خمیر|فلفل سیاه|روغن مایع|قارچ|سیر|نمک|فلفل سیاه|زردچوبه|روغن زیتون|زیره سیاه|گوشت مرغ|ماست|نعنا خشک|زنجبیل تازه|پاپریکا|گرام ماسالا,36491
442,خوراک گردن با پیاز کاراملی,خوراک گوشت,پیاز|سیر|نمک|فلفل سیاه|روغن مایع|گوشت گوسفند|زعفران,11732
474,خورش بامیه,خورشت,پیاز|سیر|نمک|فلفل سیاه|زردچوبه|بامیه|رب گوجه فرنگی|تمر هندی|گوشت گوسفند,22681.5
476,خورش دال عدس,خورشت,پیاز|سیر|نمک|فلفل سیاه|زردچوبه|روغن مایع|فلفل قرمز|زیره سیاه|رب گوجه فرنگی|لیمو عُمانی (اَمانی)|سیب زمینی|گوجه فرنگی|دال عدس,16389.5
481,خورش فسنجان بادام با مرغ,خورشت,گوشت سینه مرغ|پیاز|نمک|فلفل سیاه|زردچوبه|روغن مایع|رب انار|شکر|زعفران|بادام,25920.5
371,کشمش پلو با گوشت,پلو و دمی,پیاز|نمک|زردچوبه|کره|آب|کشمش|برنج|زعفران|نمک|فلفل سیاه|روغن مایع|گوشت چرخ کرده|آرد سوخاری,25884
925,خورش کلم,خورشت,پیاز|نمک|فلفل سیاه|زردچوبه|روغن مایع|آبغوره|گوشت گوساله|آب|رب گوجه فرنگی|دارچین|پودر زنجبیل|پودر کاری|کلم قمری|آلو,21869
926,فسنجان پسته,خورشت,پیاز|آرد سفید|نمک|زردچوبه|روغن مایع|گوشت مرغ|آب|رب انار|شکر|پسته,15097
482,خورش فسنجان فندق با گوشت قلقلی,خورشت,پیاز|روغن مایع|رب انار|شکر|زعفران|فندق|پیاز|نمک|فلفل سیاه|زردچوبه|گوشت چرخ کرده|آرد نخودچی,11327.5
483,خورش فسنجان فندق با مرغ,خورشت,گوشت سینه مرغ|پیاز|نمک|فلفل سیاه|زردچوبه|روغن مایع|رب انار|شکر|زعفران|فندق,25967
372,کشمش پلو با مرغ زعفرانی,پلو و دمی,نمک|کره|آب|کشمش|برنج|زعفران|پیاز|نمک|فلفل سیاه|زردچوبه|روغن مایع|گوشت مرغ|دارچین|زعفران|هل|برگ بو,44205
373,کلم پلو,پلو و دمی,پیاز|نمک|فلفل سیاه|زردچوبه|روغن مایع|برنج|لیمو عُمانی (اَمانی)|ادویه پلویی|کلم قمری,10272
374,کلم پلو با گوشت,پلو و دمی,پیاز|نمک|فلفل سیاه|زردچوبه|روغن مایع|آب|برنج|لیمو عُمانی (اَمانی)|ادویه پلویی|کلم قمری|پیاز|نمک|فلفل سیاه|زردچوبه|روغن مایع|گوشت چرخ کرده|آرد سوخاری,51188
375,کلم پلو با مرغ,پلو و دمی,پیاز|نمک|فلفل سیاه|زردچوبه|آب|برنج|لیمو عُمانی (اَمانی)|ادویه پلویی|کلم قمری|پیاز|نمک|فلفل سیاه|زردچوبه|روغن مایع|زعفران|هل|گوشت چرخ کرده مرغ,49724
376,لخلاخ بوشهری,پلو و دمی,برنج|شوید|گرد لیمو|پیاز|سیر|نمک|فلفل سیاه|زردچوبه|روغن مایع|لیمو عُمانی (اَمانی)|آرد سفید|نمک|فلفل سیاه|زردچوبه|روغن مایع|فیله ماهی,23160.5
377,مگشت پلو,پلو و دمی,پیاز|شنبلیله|نمک|فلفل سیاه|روغن مایع|فلفل قرمز|کشمش|برنج|کنسرو تن ماهی|پودر کاری|ادویه پلویی|گشنیز|شوید|پیاز داغ,15537
378,میگو پلو,پلو و دمی,پیاز|نمک|فلفل سیاه|زردچوبه|روغن مایع|میگو|کشمش|برنج|دارچین|زعفران|گرد لیمو,30921
379,هویج پلو,پلو و دمی,روغن مایع|هویج|کره|کشمش|برنج|شکر|زعفران|هل|خلال بادام|خلال پسته|گلاب,34891.5
380,هویج پلو با گوشت,پلو و دمی,نمک|فلفل سیاه|زردچوبه|روغن مایع|هویج|کره|کشمش|برنج|شکر|زعفران|هل|خلال بادام|خلال پسته|گلاب|پیاز|نمک|فلفل سیاه|زردچوبه|روغن مایع|گوشت چرخ کرده|آرد سوخاری,107821
381,هویج پلو با مرغ,پلو و دمی,نمک|فلفل سیاه|زردچوبه|روغن مایع|هویج|کره|کشمش|برنج|شکر|زعفران|هل|خلال بادام|خلال پسته|گلاب|گوشت سینه مرغ|پیاز|نمک|فلفل سیاه|زردچوبه|روغن مایع|هل,99922.5
702,پلو میگو و نخود سبز,پلو و دمی,پیاز|سیر|نمک|فلفل سیاه|زردچوبه|روغن مایع|نخود سبز|فلفل سبز|فلفل قرمز|میگو|آب|برنج|گرام ماسالا,47897
970,برانی لوبیاسبز,پلو و دمی,پیاز|نمک|فلفل سیاه|روغن مایع|لوبیا سبز|آب|رب گوجه فرنگی|برنج|دارچین|نعنا خشک|لپه|جعفری خشک|آب گوشت,27593
975,لوبیا پلو یزد,پلو و دمی,پیاز|نمک|فلفل سیاه|زردچوبه|روغن مایع|زیره سیاه|گوشت گوساله|آب|برنج|دارچین|لوبیا چیتی,25594
976,شله بریان زیره,پلو و دمی,پیاز|نمک|فلفل سیاه|زردچوبه|روغن مایع|زیره سیاه|گوشت گوساله|آب|زعفران|برنج نیم دانه,23012.5
985,برنج کنگری,پلو و دمی,نمک|آب|برنج|کنگر,7600
999,برانی پلو,پلو و دمی,نمک|شیرگاو|کره|آب|برنج|دارچین|شکر|کدو حلوایی|گردو,30752.5
487,قلیه ماهی,خورشت,پیاز|سیر|آرد سفید|شنبلیله|نمک|زردچوبه|رب گوجه فرنگی|تمر هندی|شنبلیله خشک|تخم گشنیز|فلفل سبز تند|گشنیز|فیله ماهی,16830
488,قلیه میگو,خورشت,پیاز|سیر|آرد سفید|شنبلیله|نمک|فلفل سیاه|زردچوبه|میگو|رب گوجه فرنگی|تمر هندی|شنبلیله خشک|تخم گشنیز|فلفل سبز تند|گشنیز,21743
490,خورش قیمه بادمجان با گوشت قلقلی,خورشت,پیاز|نمک|فلفل سیاه|زردچوبه|رب گوجه فرنگی|دارچین|زعفران|لیمو عُمانی (اَمانی)|بادمجان|لپه|پیاز|نمک|فلفل سیاه|زردچوبه|روغن مایع|گوشت چرخ کرده|آرد نخودچی,46665.5
479,خورش فاصولیه,خورشت,پیاز|نمک|فلفل سیاه|زردچوبه|روغن مایع|رب گوجه فرنگی|گوشت گوسفند|شنبلیله خشک|لوبیا سفید,20190.5
493,خورش کاری میگو,خورشت,پیاز|سیر|نمک|زردچوبه|روغن مایع|زیره سیاه|میگو|ماست پر چرب|رب گوجه فرنگی|پودر زنجبیل|پودر کاری|پاپریکا|تخم گشنیز,33054
494,خورش کرفس,خورشت,جعفری|نمک|فلفل سیاه|زردچوبه|روغن مایع|کرفس|کرفس|نعناع|رب گوجه فرنگی|گوشت گوسفند|آب نارنج,29887
495,خورش گل کلم با گوشت,خورشت,پیاز|جعفری|نمک|فلفل سیاه|نعناع|گل کلم معمولی|رب گوجه فرنگی|گوشت گوسفند|دارچین|پاپریکا|زعفران|شوید|آب نارنج,31376
496,خورش آلو اسفناج,خورشت,پیاز|سیر|تره|جعفری|نمک|فلفل سیاه|زردچوبه|روغن مایع|اسفناج|رب انار|گوشت گوسفند|آلو بخارا,13974
477,خورش داوود پاشا,خورشت,پیاز|آرد سفید|نمک|رب انار|نعنا خشک|پیاز|نمک|فلفل سیاه|زردچوبه|روغن مایع|گوشت چرخ کرده|آرد نخودچی,34766.5
548,شکلات باونتی,دسر,روغن مایع|پودر نارگیل|فندق|شکلات کاکائویی|شیر عسل,608
458,سینی مرغ و سیب‌زمینی,خوراک مرغ,پیاز|سیر|نمک|فلفل سیاه|زردچوبه|روغن زیتون|سرکه|فلفل قرمز|گوشت مرغ|ماست|آویشن|آبلیمو|پاپریکا|گرام ماسالا|سیب زمینی,52348
1267,کرپ,ساندویچ و اسنک,آرد سفید|شیرگاو|کره|تخم مرغ|وانیل,4364.5
500,خورش مرغ کره ای هندی,خورشت,گوشت سینه مرغ|پیاز|سیر|نمک|زردچوبه|فلفل قرمز|زیره سیاه|ماست|خامه|رب گوجه فرنگی|شنبلیله خشک|زنجبیل تازه|تخم گشنیز|گرام ماسالا|گشنیز,34112.5
973,قیمه ریزه سیب زمینی,کوفته_کبه,پیاز|نمک|فلفل سیاه|روغن مایع|گوشت چرخ کرده|پیاز|نمک|فلفل سیاه|آب|سیب زمینی|گوجه فرنگی,23171.5
1207,نوشیدنی چیا,نوشیدنی سرد,شیرگاو|خامه|آب|عسل|گلاب|دانه چیا,1692
564,سالاد رژیمی,سالاد,گوشت سینه مرغ|پیاز|نمک|فلفل سیاه|روغن زیتون|پیازچه|لوبیا قرمز|آبلیمو|پودر سیر|پاپریکا|گوجه گیلاسی|کاهو|ذرت|سیر|جعفری|نمک|لیمو ترش|ماست,45250.5
397,حُمص,پیش غذا,سیر|نمک|فلفل سیاه|روغن زیتون|ماست|آب|ارده|آبلیمو|نخود,1307
346,پلو مرغ کانتون,پلو و دمی,گوشت سینه مرغ|پیاز|سیر|نمک|فلفل سیاه|سرکه|هویج|سس کچاپ|آب|نشاسته ذرت|برنج|پاپریکا|تخم گشنیز|فلفل دلمه ای|سویا سس,29433.5
591,سالاد مرغ,سالاد,گوشت سینه مرغ|پیاز|نمک|کرفس|فلفل قرمز|لیمو ترش|خامه|کشمش|خلال بادام,11412.5
486,خورش قورمه سبزی,خورشت,پیاز|نمک|فلفل سیاه|زردچوبه|لوبیا قرمز|گوشت گوسفند|لیمو عُمانی (اَمانی)|لیمو عُمانی (اَمانی)|سبزی قورمه,7418
546,روکر موز,دسر,روغن مایع|شیرگاو|خامه|آب|آب|پنیر ماسکارپونه|بیسکویت ساده|نشاسته ذرت|تخم مرغ|شکر|موز|گردو|پودر ژله|ژلاتین|وانیل,19362
501,خورش مرغ مسلم,خورشت,گوشت سینه مرغ|پیاز|سیر|نمک|فلفل سیاه|زردچوبه|روغن مایع|زیره سیاه|دارچین|زنجبیل تازه|هل|تخم گشنیز|میخک|گوجه فرنگی,21548
491,خورش قیمه سیب زمینی (بدون گوشت),خورشت,پیاز|نمک|فلفل سیاه|زردچوبه|روغن مایع|رب گوجه فرنگی|دارچین|زعفران|هل|لیمو عُمانی (اَمانی)|سیب زمینی|لپه|گلاب,9235.5
1175,شیر شکلات,نوشیدنی گرم,شیرگاو|خامه|کنجد|دارچین|شکلات کاکائویی,3170
497,مرغ ترش مازندران,خورشت,گوشت سینه مرغ|پیاز|جعفری|نمک|فلفل سیاه|زردچوبه|رب انار|پونه کوهی یا پونه|تخم گشنیز|گردو,10191
498,خورش مرغ در سس قرمز,خورشت,پیاز|سیر|نمک|فلفل سیاه|زردچوبه|روغن مایع|زیره سیاه|لیمو ترش|گوشت مرغ|زنجبیل تازه|تخم گشنیز|فلفل دلمه ای|فلفل سبز تند,15566.5
499,خورش مرغ شاه جهانی,خورشت,گوشت سینه مرغ|پیاز|سیر|نمک|فلفل سیاه|روغن مایع|زیره سیاه|ماست|خامه|کشمش|دارچین|پودر زنجبیل|زعفران|هل|برگ بو|میخک|بادام,33321
480,خورش فسنجان بادام با گوشت,خورشت,پیاز|روغن مایع|رب انار|شکر|زعفران|بادام|پیاز|نمک|فلفل سیاه|زردچوبه|گوشت چرخ کرده|آرد نخودچی,5661
484,خورش فسنجان گردو با گوشت قلقلی,خورشت,پیاز|روغن مایع|رب انار|شکر|زعفران|گردو|پیاز|نمک|فلفل سیاه|زردچوبه|گوشت چرخ کرده|آرد نخودچی,10449.5
485,خورش فسنجان گردو با مرغ,خورشت,گوشت سینه مرغ|پیاز|نمک|فلفل سیاه|زردچوبه|روغن مایع|رب انار|شکر|گردو,10397.5
502,خورش مسما بادمجان,خورشت,گوشت سینه مرغ|پیاز|نمک|فلفل سیاه|زردچوبه|روغن مایع|آبغوره|رب گوجه فرنگی|زعفران|بادمجان|گوجه فرنگی|غوره,15051
504,خورش هویج با گوشت,خورشت,پیاز|نمک|فلفل سیاه|زردچوبه|روغن مایع|هویج|رب گوجه فرنگی|گوشت گوسفند|زعفران|آلو|آب نارنج,11437.5
503,خورش نازخاتون,خورشت,پیاز|جعفری|نمک|فلفل سیاه|زردچوبه|روغن مایع|آبغوره|نعناع|گوشت گوسفند|بادمجان,14149.5
878,خورش به اصفهان,خورشت,پیاز|نمک|فلفل سیاه|زردچوبه|روغن مایع|گوشت گوساله|آب|رب گوجه فرنگی|آبلیمو|شکر|به|آلو,9287
418,بادمجان شکم پر ایتالیا,پیش غذا,پیاز|سیر|جعفری|نمک|فلفل سیاه|روغن مایع|قارچ|آویشن|پنیر موزارِلّا (MOZZARELLA)|بادمجان|گوجه فرنگی|سبزی معطر,11749
626,کتلت کینوا,کتلت - شامی,جعفری|نمک|فلفل سیاه|زردچوبه|روغن مایع|هویج|پیازچه|زیره سیاه|آب|تخم مرغ|آرد نخودچی|کینوا,7998
525,بسبوسه,دسر,روغن مایع|ماست|آرد سمولینا|تخم مرغ|پودر نارگیل|شکر|بکینگ پودر|وانیل|آب|آبلیمو|شکر|شیرگاو|پنیر|خامه|نشاسته|شکر|گلاب,20684.5
512,ماهی انگشتی,دریایی,سیر|آرد سفید|نمک|فلفل سیاه|پیازچه|عصاره مرغ|نشاسته ذرت|فلفل چیلی|پودر زنجبیل|بکینگ پودر|فیله ماهی,19852.5
1165,چای با دارچین,نوشیدنی گرم,آب|چای سیاه|دارچین,1046
338,بریانی سندی,پلو و دمی,پیاز|پیاز|سیر|نمک|فلفل سیاه|زردچوبه|زیره سیاه|شیرگاو|ماست|کره|کشمش|برنج|گوشت گوسفند|فلفل چیلی|دارچین|نعنا خشک|پودر زنجبیل|پاپریکا|زعفران|هل|برگ بو|تخم گشنیز|میخک|گشنیز|خلال بادام|گلاب,54563.5
996,توله سرخ‌شده,خوراک سبزیجات,پیاز|نمک|فلفل سیاه|زردچوبه|روغن مایع|آب|ناردونه|سبزی توله,2565
731,دوغ بَرَک,اشکنه,آرد سفید|نمک|فلفل سیاه|زردچوبه|روغن مایع|دوغ,3246.5
1017,تاوا کباب,کتلت - شامی,پیاز|نمک|فلفل سیاه|روغن مایع|گوشت چرخ کرده|رب گوجه فرنگی|زعفران|گوجه فرنگی,4032.5
874,خورش کنگر آذربایجان شرقی,خورشت,پیاز|نمک|فلفل سیاه|زردچوبه|روغن مایع|گوشت گوساله|آب|رب گوجه فرنگی|آبلیمو|زعفران|کنگر,8862
1159,چای با هل,نوشیدنی گرم,آب|چای سیاه|هل,1025
1006,میگو پلو خوزستانی,پلو و دمی,پیاز|نمک|فلفل سیاه|روغن مایع|میگو|آب|برنج|شوید خشک|پودر زنجبیل|پودر سیر|پاپریکا|زعفران,13326.5
634,کوفته قیمه ریزه,کوفته_کبه,پیاز|نمک|فلفل سیاه|زردچوبه|روغن مایع|گوشت چرخ کرده|نعنا خشک|آرد نخودچی|پیاز|نمک|فلفل سیاه|زردچوبه|آب|رب گوجه فرنگی|شنبلیله خشک,14575
1180,شربت آلو بخارا,نوشیدنی سرد,آب|شکر|آلو بخارا,5430.5
1016,لوبیا پلو تهران,پلو و دمی,پیاز|نمک|فلفل سیاه|روغن مایع|گوشت چرخ کرده|لوبیا سبز|آب|رب گوجه فرنگی|برنج|دارچین|لیمو عُمانی (اَمانی),17137.5
648,چیزکیک توت‌فرنگی,کیک,آرد سفید|روغن مایع|شیرگاو|تخم مرغ|شکر|بکینگ پودر|پودر کاکائو|وانیل|توت فرنگی|شیرگاو|خامه|پنیر ماسکارپونه|پودر قند|پودر ژله|ژلاتین|اسانس,25376.25
982,کشک و خیار,پیش غذا,پیاز|زیره سیاه|خیار سبز|آب|کشمش|کشک|نعنا خشک|ریحان|گردو,11268
618,کباب کافتا,کباب,پیاز|جعفری|نمک|فلفل سیاه|روغن مایع|گوشت چرخ کرده,4300
475,خورش خلال بادام,خورشت,پیاز|نمک|فلفل سیاه|زردچوبه|روغن مایع|کره|رب گوجه فرنگی|زرشک|گوشت گوسفند|دارچین|زعفران|هل|لیمو عُمانی (اَمانی)|خلال بادام|گلاب,22573
1118,فرنی گلاب,دسر,شیرگاو|خامه|شکر|گلاب|آرد برنج,2316.5
877,پیچاق قیمه,خورشت,پیاز|نمک|فلفل سیاه|زردچوبه|روغن مایع|آبغوره|گوشت گوساله|آب|رب گوجه فرنگی|خلال بادام|پیاز داغ,7293.5
505,خورش هویج با مرغ,خورشت,گوشت سینه مرغ|پیاز|نمک|فلفل سیاه|زردچوبه|روغن مایع|هویج|رب گوجه فرنگی|زعفران|آلو|آب نارنج,13764
459,مرغ آلفردو با کلم بروکسل,خوراک مرغ,گوشت سینه مرغ|سیر|نمک|فلفل سیاه|روغن مایع|شیرگاو|پنیر موزارِلّا (MOZZARELLA)|نشاسته ذرت|کلم بروکسل,13485
1153,دمنوش زعفران,نوشیدنی گرم,آب|زعفران,397
589,سالاد ماکارونی مکزیکی,سالاد,پیاز|سیر|نمک|فلفل سیاه|روغن زیتون|فلفل سبز|لیمو ترش|سس مایونز|ماست|نان پیتا Pita Bread|فلفل دلمه ای|گوجه فرنگی|ذرت|پاستا|سبزی معطر,30282.5
588,سالاد ماکارونی ایتالیایی,سالاد,پیاز|جعفری|نمک|فلفل سیاه|روغن زیتون|سرکه|کرفس|فلفل سبز|خامه|زیتون|ماکارونی فرمی,14543
733,کشک بلوچی,اشکنه,پیاز|نمک|زردچوبه|روغن مایع|آب|کشک|نعنا خشک,7863.5
967,مکش (دمپختک),پلو و دمی,پیاز|نمک|فلفل سیاه|زردچوبه|روغن مایع|زیره سیاه|گوشت گوساله|آب|کشمش|برنج|گوجه فرنگی|آلو,10786.5
1032,پنیر برشته,خوراک سبزیجات,نمک|فلفل سیاه|پنیر|کره|تخم مرغ|شوید,5332.5
521,ماهی کره‌ای,دریایی,جعفری|نمک|فلفل سیاه|روغن مایع|لیمو ترش|ماهی قزل الا|کره|آرد سوخاری,9232.5
424,جوجه با استخوان تندوری با سس نعناع,جوجه کباب,سیر|نمک|فلفل سیاه|روغن زیتون|زیره سیاه|گوشت مرغ|ماست|رب گوجه فرنگی|زنجبیل تازه|پاپریکا|تخم گشنیز|گرام ماسالا|ادویه تندوری|نعناع|پیاز|نمک|فلفل سیاه|زردچوبه|ماست|گشنیز,38763.5
425,جوجه زعفرانی,جوجه کباب,گوشت سینه مرغ|پیاز|سیر|نمک|روغن زیتون|فلفل قرمز|سس مایونز|ماست|جوز هندی|پودر خردل|زعفران|فلفل دلمه ای|کاکوتی|سس باربیکیو,18656
427,جوجه کباب ترش عربی,جوجه کباب,گوشت سینه مرغ|سیر|نمک|فلفل سیاه|روغن مایع|سرکه|لیمو ترش|ماست|آویشن|رب گوجه فرنگی|زنجبیل تازه|پاپریکا|پوست لیمو,20366.5
429,جوجه مخصوص حس تازگی,جوجه کباب,پیاز|سیر|نمک|روغن زیتون|فلفل قرمز|سس مایونز|گوشت مرغ|ماست|جوز هندی|پودر خردل|زعفران|فلفل دلمه ای|کاکوتی|سس باربیکیو|قارچ|پنیر موزارِلّا (MOZZARELLA)|فلفل دلمه ای,26226
431,جوجه یاکی توری,جوجه کباب,فلفل سیاه|گوشت مرغ|آب|عصاره مرغ|ارده|آبلیمو|سرکه سفید|شکر|سویا سس,12774.5
432,جوجه ران تندوری,جوجه کباب,سیر|نمک|فلفل سیاه|زردچوبه|روغن مایع|زیره سیاه|نعناع|گوشت مرغ|ماست|رب گوجه فرنگی|آبلیمو|زنجبیل تازه|پاپریکا|گرام ماسالا|ادویه تندوری,19696
1513,نان و خامه و عسل,غذای سبک,انواع نان|خامه|عسل,2443.5
1517,نان و کره و عسل,غذای سبک,انواع نان|عسل|سرشیر,6797.3506
1516,نان و سر شیر و عسل,غذای سبک,انواع نان|عسل|سرشیر,5333.188
1515,نان و سرشیر و مربا,غذای سبک,انواع نان|مربا|سرشیر,191
1514,نان و خامه و مربا,غذای سبک,انواع نان|مربا|خامه,2634.5
556,سالاد تبوله,سالاد,جعفری|نمک|فلفل سیاه|روغن زیتون|پیازچه|بلغور گندم|نعناع|آبلیمو|گوجه فرنگی,17364.5
1076,تره,خوراک سبزیجات,پیاز|نمک|فلفل سیاه|زردچوبه|روغن مایع|کره|آب|برنج|تخم مرغ|لپه|سبزی وحشی,8252.5
1246,دمنوش دارچین و نبات,نوشیدنی گرم,آب|دارچین|نبات,943
289,آش گوجه,آش,پیاز|نمک|فلفل سیاه|زردچوبه|روغن مایع|زیره سیاه|آب|رب گوجه فرنگی|عصاره گوشت|برنج|نعنا خشک|پودر زنجبیل|پودر کاری|گوجه فرنگی|نخود|سبزی آش,6835.5
647,پنکیک موزی,کیک,آرد سفید|نمک|روغن مایع|شیرگاو|تخم مرغ|شکر|بکینگ پودر|اسانس,5420.5
400,خوراک قارچ و گل کلم,خوراک سبزیجات,سیر|جعفری|فلفل سیاه|گل کلم معمولی|قارچ دکمه ای|کره|آب|سرکه بالزامیک|عسل|نشاسته|سویا سس,15921.5
489,خورش قیمه بادمجان (بدون گوشت),خورشت,پیاز|نمک|فلفل سیاه|زردچوبه|رب گوجه فرنگی|دارچین|زعفران|لیمو عُمانی (اَمانی)|بادمجان|گوجه گیلاسی|لپه,7977.5
1043,اریک پلو,پلو و دمی,نمک|آب|برنج|برگه زردآلو,1918.5
292,استیک مرغ سوخاری,استیک,گوشت سینه مرغ|نمک|فلفل سیاه|شیرگاو|کره|پودر سوخاری|رزماری,13425
294,اسکالوپ گوشت در شیر,استیک,شیرگاو|کره|پودر سوخاری|رزماری|فیله گوساله,7101
296,اسکالوپ گوشت و گوجه,استیک,پیاز|سیر|نمک|فلفل سیاه|کره|رب گوجه فرنگی|ترخون|مرزه خشک|فیله گوساله,9928
1123,خوراک لوبیا و قارچ,خوراک حبوبات,پیاز|نمک|فلفل سیاه|زردچوبه|روغن مایع|قارچ|کره|آب|رب گوجه فرنگی|عصاره گوشت|لوبیا چیتی,4217.5
1121,عدسی با جوپرک,خوراک حبوبات,پیاز|نمک|فلفل سیاه|زردچوبه|روغن مایع|آب|جو پرک|گلپر|عدس,3059.5
438,دوپیازه نخود و لوبیا,خوراک حبوبات,پیاز|سیر|فلفل سیاه|زردچوبه|روغن مایع|فلفل قرمز|ماست|آب|رب گوجه فرنگی|زنجبیل تازه|گرام ماسالا|سیب زمینی|لوبیا چیتی|نخود,9132
437,دال لپه,خوراک حبوبات,پیاز|نمک|فلفل سیاه|زردچوبه|روغن مایع|هویج|زیره سیاه|آب|تمر هندی|پودر خردل|پودر نارگیل|برگ بو|تخم گشنیز|سیب زمینی|لپه,59951
436,عدس با سبزیجات,خوراک حبوبات,پیاز|سیر|جعفری|نمک|فلفل سیاه|زردچوبه|روغن زیتون|هویج|کرفس|آب|آب|عصاره مرغ|گوجه فرنگی|عدس,10759.5
435,خوراک دال عدس,خوراک حبوبات,پیاز|سیر|نمک|فلفل سیاه|زردچوبه|روغن مایع|آب|آب|تمر هندی|نعنا خشک|سیب زمینی|عدس قرمز,3448
614,سیب زمینی نقلی,سیب زمینی,نمک|زردچوبه|فلفل قرمز|کره|آب|سیاه دانه|سیب زمینی,2655
613,سیب زمینی ماست و ادویه,سیب زمینی,پیاز|نمک|فلفل سیاه|زردچوبه|فلفل سبز|زیره سیاه|ماست|کره|آب|زنجبیل تازه|تخم گشنیز|میخک|سیب زمینی|گشنیز,25317
612,سیب زمینی گجراتی,سیب زمینی,نمک|زردچوبه|فلفل قرمز|زیره سبز|کره|کنجد|شنبلیله خشک|پودر نارگیل|تخم گشنیز|سیب زمینی|گشنیز,5275.5
611,سیب زمینی با سس شوید,سیب زمینی,آرد سفید|نمک|فلفل قرمز|لیمو ترش|شیرگاو|کره|آب|سیب زمینی|شوید,5902.5
610,سیب زمینی با کارامل,سیب زمینی,نمک|کره|خامه|آب|شکر|سیب زمینی,2573
608,پوره سیب زمینی,سیب زمینی,نمک|فلفل سیاه|شیرگاو|کره|خامه|آب|سیب زمینی,2498.5
607,پوره سیب زمینی با بادام زمینی,سیب زمینی,پیاز|نمک|شیرگاو|کره|دارچین|سیب زمینی|بادام زمینی,3009.5
605,پوره سیب زمینی با زعفران,سیب زمینی,نمک|فلفل سیاه|روغن زیتون|شیرگاو|آب|زعفران|زعفران|سیب زمینی,2493
1031,سیرابیج,خوراک سبزیجات,نمک|روغن مایع|تخم مرغ|برگ سیر,3317.5
447,دوپیازه گوشت,خوراک گوشت,پیاز|سیر|نمک|فلفل سیاه|روغن مایع|فلفل قرمز|زیره سیاه|ماست|گوشت گوسفند|دارچین|زنجبیل تازه|هل|تخم گشنیز|میخک,16481
446,خوراک ماهیچه با پیاز کاراملی,خوراک گوشت,پیاز|سیر|نمک|فلفل سیاه|روغن مایع|ماهیچه|زعفران,2557.5
445,خوراک ماهیچه,خوراک گوشت,پیاز|نمک|فلفل سیاه|زردچوبه|روغن مایع|ماهیچه|دارچین|زعفران|هل|برگ بو,5815.5
443,خوراک گوشت با خامه,خوراک گوشت,پیاز|آرد سفید|نمک|فلفل سیاه|روغن مایع|ماست|خامه|فیله گوساله,3560.5
440,بیف استراگانف 1,خوراک گوشت,پیاز|آرد سفید|نمک|فلفل سیاه|روغن مایع|قارچ|شیرگاو|آویشن|کره|خامه|فیله گوساله,5702.5
441,بیف استراگانف 2,خوراک گوشت,پیاز|نمک|فلفل سیاه|روغن مایع|قارچ|کره|خامه|رب گوجه فرنگی|پودر خردل|پاپریکا|فیله گوساله,10267.5
616,چواپی دودی,کباب,سیر|نمک|فلفل سیاه|گوشت چرخ کرده|پاپریکا|سرشیر,3930
617,کباب انگشتی کشمیری,کباب,پیاز|سیر|آرد سفید|نمک|فلفل سیاه|روغن مایع|فلفل قرمز|زیره سیاه|گوشت چرخ کرده|جوز هندی|دارچین|پودر زنجبیل|سیاه دانه|تخم گشنیز|میخک|گشنیز,14769
1037,کباب دیگی,کباب,نمک|فلفل سیاه|گوشت گوساله|دنبه|ادویه بلوچی,4590
678,گراتن بادمجان و قارچ,گراتن,جعفری|قارچ|پنیر موزارِلّا (MOZZARELLA)|بادمجان|ذرت|آرد سفید|نمک|فلفل سیاه|شیرگاو|آویشن|کره,12649
679,گراتن بادمجان و گوشت,گراتن,پیاز|سیر|نمک|فلفل سیاه|زردچوبه|روغن مایع|قارچ|گوشت چرخ کرده|آویشن|پنیر موزارِلّا (MOZZARELLA)|رب گوجه فرنگی|سیاه دانه|فلفل دلمه ای|بادمجان|ذرت|آرد سفید|نمک|فلفل سیاه|شیرگاو|آویشن|کره,33750.5
682,گراتن پاستا با گوشت,گراتن,پیاز|سیر|نمک|فلفل سیاه|زردچوبه|روغن مایع|قارچ|گوشت چرخ کرده|آویشن|پنیر موزارِلّا (MOZZARELLA)|رب گوجه فرنگی|فلفل دلمه ای|ذرت|ماکارونی فرمی|آرد سفید|نمک|فلفل سیاه|شیرگاو|آویشن|کره,37058.5
683,گراتن پاستا با مرغ,گراتن,گوشت سینه مرغ|پیاز|نمک|فلفل سیاه|زردچوبه|قارچ|پنیر موزارِلّا (MOZZARELLA)|تخم گشنیز|ماکارونی فرمی|آرد سفید|نمک|فلفل سیاه|شیرگاو|آویشن|کره,33278.5
684,گراتن سیب زمینی و قارچ,گراتن,جعفری|نمک|فلفل سیاه|قارچ|پیازچه|پنیر گودا (GOUDA)|آبلیمو|سیب زمینی|آرد سفید|نمک|فلفل سیاه|شیرگاو|آویشن|کره,10637
686,گراتن شاورما,گراتن,گوشت سینه مرغ|نمک|فلفل سیاه|روغن مایع|روغن زیتون|سرکه|زیره سیاه|آویشن|خامه|پنیر موزارِلّا (MOZZARELLA)|پنیر خامه ای(CREAM cheese)|پودر زنجبیل|پودر سیر|پاپریکا|تخم گشنیز|فلفل دلمه ای|سیب زمینی,43262.5
473,خورش باقلا,خورشت,پیاز|نمک|فلفل سیاه|زردچوبه|روغن مایع|گوشت گوسفند|باقلا|شوید,5499.5
1000,شامی گیلانی,کتلت - شامی,پیاز|نمک|فلفل سیاه|زردچوبه|روغن مایع|آب|گوشت گوسفند|تخم مرغ|سیب زمینی|نخود,5361
989,کباب مُشتی,کتلت - شامی,پیاز|نمک|فلفل سیاه|زردچوبه|روغن مایع|سرکه|هویج|گوشت چرخ کرده|شکر|آرد نخودچی|زعفران,10194
988,تاس کباب یزدی,کتلت - شامی,پیاز|نمک|فلفل سیاه|زردچوبه|گوشت چرخ کرده|کره|سیب زمینی|بادمجان|گوجه فرنگی,5376.5
968,تاس کباب اصفهان,کتلت - شامی,پیاز|نمک|فلفل سیاه|زردچوبه|روغن مایع|آب|سرکه انگور|گوشت گوسفند|شکر|سیب زمینی|گوجه فرنگی|به,7323
625,تاس‌کباب گوشت و صیفی جات,کتلت - شامی,سیب زمینی|بادمجان|کدو سبز|نمک|فلفل سیاه|روغن مایع|آب|رب گوجه فرنگی|پودر سیر|پیاز|نمک|فلفل سیاه|زردچوبه|روغن مایع|آرد گندم کامل|گوشت چرخ کرده|تخم مرغ|پاپریکا,21953.5
623,چپلی کباب مرغ,کتلت - شامی,گوشت سینه مرغ|سیر|آرد سفید|نمک|زردچوبه|روغن مایع|پیازچه|تخم گشنیز|فلفل دلمه ای|فلفل سبز تند|گشنیز,26730.5
622,چپلی کباب گوشت,کتلت - شامی,گوشت گوساله چرخکرده|سیر|آرد سفید|نمک|زردچوبه|روغن مایع|پیازچه|تخم گشنیز|فلفل دلمه ای|فلفل سبز تند|گشنیز,23521
619,تاس کباب مرغ,کتلت - شامی,پیاز|هویج|سیب زمینی|نخود فرنگی|به|نمک|فلفل سیاه|زردچوبه|روغن مایع|آب|رب گوجه فرنگی|دارچین|لیمو عُمانی (اَمانی)|پیاز|نمک|فلفل سیاه|زردچوبه|روغن مایع|آرد نخودچی|گوشت چرخ کرده مرغ,24399.5
620,تاس کباب مرغ با سس گوجه,کتلت - شامی,گوشت سینه مرغ|پیاز|سیر|آرد سفید|نمک|فلفل سیاه|زردچوبه|روغن مایع|آویشن|تخم مرغ|پودر کاری|پاپریکا|سس خردل|زردچوبه|روغن مایع|آب|رب گوجه فرنگی|سرکه بالزامیک|گوجه فرنگی,35102.5
1309,کتلت سویا,کتلت - شامی,پیاز|نمک|فلفل سیاه|زردچوبه|روغن مایع|تخم مرغ|سیب زمینی|سویا,3700.5
1303,کتلت,کتلت - شامی,پیاز|سیر|نمک|فلفل سیاه|زردچوبه|روغن مایع|گوشت چرخ کرده|سیب زمینی,3159.5
621,ترشه شامی,کتلت - شامی,پیاز|نمک|فلفل سیاه|زردچوبه|روغن مایع|آب|رب گوجه فرنگی|شنبلیله خشک|گوجه گیلاسی|آب نارنج|پیاز|جعفری|نمک|فلفل سیاه|زردچوبه|روغن مایع|گوشت چرخ کرده,13585.5
627,کتلت بلغور,کتلت - شامی,پیاز|سیر|نمک|فلفل سیاه|روغن مایع|زیره سیاه|بلغور گندم|گوشت چرخ کرده|تخم مرغ|آرد نخودچی|ریحان خشک,9577.5
628,کتلت ماهی,کتلت - شامی,پیاز|آرد سفید|نمک|فلفل سیاه|زردچوبه|روغن مایع|زیره سیاه|گلپر|تخم گشنیز|سیب زمینی|فیله ماهی|سبزی خشک,83879
629,کتلت مرغ با بادام برشته,کتلت - شامی,پیاز|نمک|فلفل سیاه|روغن مایع|قارچ|زیره سیاه|شیرگاو|کره|آرد سوخاری|تخم مرغ|جوز هندی|دارچین|میخک|بادام|نان تست|گوشت چرخ کرده مرغ,16857
630,کتلت مرغ با شوید,کتلت - شامی,پیاز|نمک|فلفل سیاه|روغن مایع|آرد سوخاری|تخم مرغ|ریحان|شوید|گوشت چرخ کرده مرغ,6561.5
631,کتلت بوراژسکی,کتلت - شامی,پیاز|سیر|جعفری|نمک|فلفل سیاه|روغن مایع|گوشت مرغ|شیرگاو|آرد سوخاری|تخم مرغ|نان تست,15870.5
323,پاستا با سس قارچ,پاستا,جعفری|نمک|روغن مایع|آب|پاستا|آرد سفید|نمک|فلفل سیاه|قارچ|شیرگاو|کره|خامه|آبلیمو,14456.5
322,پاستا سوئدی,پاستا,جعفری|نمک|روغن مایع|آب|پاستا|آرد سفید|نمک|فلفل سیاه|کره|خامه|آب مرغ|پیاز|نمک|فلفل سیاه|روغن مایع|گوشت چرخ کرده|آرد نخودچی,24711
602,سوپ ماست,سوپ,نمک|فلفل سیاه|هویج|ماست|آب|عصاره مرغ|رشته آش|نعنا خشک|سیب زمینی|گشنیز,7491
638,کوفته کله گنجشکی,کوفته_کبه,پیاز|نمک|فلفل سیاه|روغن مایع|گوشت چرخ کرده|آرد سوخاری|پودر کاری|پودر سیر|گوشت چرخ کرده مرغ|پیاز|نمک|فلفل سیاه|زردچوبه|آب|رب گوجه فرنگی|سیب زمینی,15908.5
698,لازانیا مرغ با پیازچه,لازانیا,گوشت سینه مرغ|سیر|نمک|فلفل سیاه|روغن زیتون|پیازچه|سس مایونز|سس کچاپ|پونه کوهی یا پونه|پودر سیر|پاپریکا|ذرت|لازانیا|سس فرانسوی|سس دودی|آرد سفید|نمک|فلفل سیاه|شیرگاو|آویشن|کره,46947.5
697,لازانیا قارچ و مرغ,لازانیا,گوشت سینه مرغ|پیاز|سیر|آرد سفید|نمک|فلفل سیاه|قارچ|شیرگاو|سس مایونز|کره|خامه|پاستا|سس خردل|آرد سفید|نمک|فلفل سیاه|شیرگاو|آویشن|کره,46185
692,لازانیا گوشت سرگنجشکی,لازانیا,پیاز|آرد سفید|جعفری|نمک|فلفل سیاه|گوشت چرخ کرده|کره|خامه|آب|پنیر موزارِلّا (MOZZARELLA)|عصاره گوشت|آرد نخودچی|لازانیا,18618.5
691,لازانیا هویج و کرفس,لازانیا,پیاز|سیر|آرد سفید|نمک|فلفل سیاه|هویج|کرفس|کره|خامه|پنیر موزارِلّا (MOZZARELLA)|شوید|لازانیا|آب مرغ|آرد سفید|نمک|فلفل سیاه|شیرگاو|آویشن|کره,70878.5
690,لازانیا زیتون و گوجه,لازانیا,سیر|نمک|فلفل سیاه|روغن مایع|پنیر موزارِلّا (MOZZARELLA)|رب گوجه فرنگی|زیتون|گوجه فرنگی|لازانیا|آرد سفید|نمک|فلفل سیاه|شیرگاو|آویشن|کره,35031
689,لازانیا بادمجان,لازانیا,سیر|نمک|فلفل سیاه|روغن مایع|پنیر موزارِلّا (MOZZARELLA)|رب گوجه فرنگی|فلفل دلمه ای|بادمجان|کدو سبز|لازانیا|آرد سفید|نمک|فلفل سیاه|شیرگاو|آویشن|کره,43337.5
643,کوکو بروکلی با پنیر,کوکو,سیر|جعفری|نمک|فلفل سیاه|روغن مایع|کلم بروکلی|پنیر موزارِلّا (MOZZARELLA)|تخم مرغ|پونه کوهی یا پونه,13207.5
986,ماست بادمجان,بورانی,پیاز|سیر|نمک|فلفل سیاه|زردچوبه|ماست|بادمجان,4641.5
312,بورانی هویج,بورانی,سیر|نمک|روغن زیتون|هویج|ماست,1921.5
311,بورانی لبو,بورانی,سیر|نمک|روغن زیتون|ماست چکیده|لبو,1953.5
310,بورانی گوجه فرنگی,بورانی,نمک|فلفل سبز|ماست|شکر|سیاه دانه|گوجه فرنگی|گشنیز,6987.5
309,بورانی گل کلم و نخود سبز,بورانی,نمک|فلفل سیاه|نخود سبز|زیره سیاه|ماست|گل کلم معمولی,915.5
308,بورانی گشنیز و گردو,بورانی,نمک|فلفل سیاه|پیازچه|گشنیز|گردو|ماست شیرین,2948.5
307,بورانی کرفس و اسفناج,بورانی,نمک|فلفل سیاه|کرفس|اسفناج|ماست چکیده|گردو,5338.5
306,بورانی کرفس,بورانی,نمک|فلفل سیاه|کرفس|ماست|نعنا خشک,2462
305,بورانی کدو سبز,بورانی,نمک|فلفل سیاه|زیره سیاه|کدو سبز|گردو|ماست شیرین,2001
304,بورانی قارچ,بورانی,نمک|فلفل سیاه|روغن مایع|قارچ|ماست نیمه چکیده,1140.5
303,بورانی سیر,بورانی,سیر|نمک|فلفل سیاه|ماست|خامه سفت,880.5
302,بورانی سیب زمینی,بورانی,روغن مایع|زیره سیاه|سیب زمینی|گشنیز|ماست شیرین,2031.5
301,بورانی زنجبیل,بورانی,پیاز|نمک|ماست|پودر خردل|زنجبیل تازه|پودر نارگیل|سیاه دانه|فلفل سبز تند,2183.5
299,بورانی بادمجان و سیر,بورانی,سیر|نمک|فلفل سیاه|ماست|بادمجان,1640
298,بورانی اسفناج,بورانی,نمک|روغن مایع|فلفل قرمز|زیره سیاه|اسفناج|شنبلیله خشک|ماست شیرین,3912
1138,کوکو کاهو,کوکو,نمک|فلفل سیاه|زردچوبه|روغن مایع|شیرگاو|تخم مرغ|کاهو|گردو|بکینگ پودر,11039
1130,کوکو سبزی,کوکو,نمک|فلفل سیاه|زردچوبه|روغن مایع|زرشک|تخم مرغ|گردو|سبزی کوکو,6051
1053,کوکو گزنه,کوکو,پیاز|سیر|نمک|فلفل سیاه|زردچوبه|روغن مایع|تخم مرغ|گزنه,5962
1014,کوکو زرشک و تره,کوکو,تره|نمک|فلفل سیاه|روغن مایع|زرشک|تخم مرغ|گردو|گل محمدی,8334
1002,کوکو اسفناج,کوکو,نمک|فلفل سیاه|روغن مایع|اسفناج|تخم مرغ,3850
978,کوکو شیرین,کوکو,روغن مایع|آب|تخم مرغ|شکر|زعفران|سیب زمینی|گلاب,8398.5
646,کوکو گردو,کوکو,آرد سفید|جعفری|نمک|فلفل سیاه|زردچوبه|روغن مایع|نعناع|تخم مرغ|زعفران|گردو,11031.5
645,کوکو ذرت,کوکو,آرد سفید|جعفری|نمک|فلفل سیاه|روغن مایع|روغن زیتون|پیازچه|تخم مرغ|فلفل دلمه ای|ذرت|بکینگ پودر,12273.5
642,کوکو بادمجان کبابی,کوکو,سیر|آرد سفید|نمک|فلفل سیاه|زردچوبه|روغن مایع|تخم مرغ|بادمجان,7468.5
641,کوکو بادمجان حلقه ای,کوکو,آرد سفید|نمک|فلفل سیاه|زردچوبه|روغن مایع|تخم مرغ|بادمجان,5879
640,کوکو بادکوبه ای,کوکو,گوشت سینه مرغ|پیاز|سیر|نمک|فلفل سیاه|زردچوبه|روغن مایع|رب گوجه فرنگی|زرشک|تخم مرغ|دارچین|تخم گشنیز|سیب زمینی,16292.5
644,کوکو تره فرنگی,کوکو,سیر|آرد سفید|نمک|فلفل سیاه|زردچوبه|روغن مایع|تخم مرغ|شنبلیله خشک|تره فرنگی|گردو|بکینگ پودر,21327
1293,کوکو سیب زمینی,کوکو,پیاز|نمک|فلفل سیاه|زردچوبه|روغن مایع|تخم مرغ|سیب زمینی,3645.5
1307,کوکو کدو,کوکو,پیاز|سیر|نمک|فلفل سیاه|زردچوبه|روغن مایع|هویج|تخم مرغ|سیب زمینی|کدو سبز,9566
1305,کوکو کلم سفید,کوکو,آرد سفید|نمک|فلفل سیاه|روغن مایع|پیازچه|پنیر موزارِلّا (MOZZARELLA)|تخم مرغ|کلم برگ سفید,5080
699,لازانیا مرغ پرتقالی,لازانیا,گوشت سینه مرغ|پیاز|نمک|فلفل سیاه|روغن مایع|خامه|پنیر موزارِلّا (MOZZARELLA)|فلفل دلمه ای|لازانیا|سویا سس|آب پرتقال,25141
696,لازانیا قارچ و گوشت,لازانیا,پیاز|سیر|نمک|فلفل سیاه|روغن مایع|قارچ|گوشت چرخ کرده|آب|پنیر موزارِلّا (MOZZARELLA)|رب گوجه فرنگی|شکر|گوجه فرنگی|ریحان|لازانیا|آرد سفید|نمک|فلفل سیاه|شیرگاو|آویشن|کره,48029.5
695,لازانیا قارچ,لازانیا,آرد سفید|قارچ|شیرگاو|کره|خامه|پنیر موزارِلّا (MOZZARELLA)|آبلیمو|لازانیا,14878
693,لازانیا مرغ سرگنجشکی,لازانیا,پیاز|نمک|فلفل سیاه|زردچوبه|پنیر موزارِلّا (MOZZARELLA)|رب گوجه فرنگی|آرد نخودچی|گوجه فرنگی|لازانیا|گوشت چرخ کرده مرغ,16194.5
604,سوپ ییلاق,سوپ,آرد سفید|نمک|فلفل سیاه|ماست|کره|آب|عصاره گوشت|نعنا خشک|برنج نیم دانه|پیاز|نمک|فلفل سیاه|روغن مایع|گوشت چرخ کرده|آرد نخودچی,11917
603,سوپ نخود آب,سوپ,پیاز|سیر|نمک|زردچوبه|فلفل سبز|فلفل قرمز|زیره سیاه|آب|رب گوجه فرنگی|دارچین|تخم گشنیز|میخک|گشنیز|نخود|لیمو,25234
601,سوپ گشنیز,سوپ,پیاز|نمک|فلفل سیاه|ماست|کره|آب|عصاره مرغ|گشنیز|جو پوست کنده,5974.5
599,سوپ سیب زمینی,سوپ,پیاز|آرد سفید|نمک|فلفل سیاه|کرفس|شیرگاو|آویشن|کره|خامه|آب|عصاره مرغ|نعنا خشک|برگ بو|سیب زمینی|ترخون|مرزه,16266.5
598,سوپ سبزیجات خامه‌ای,سوپ,پیاز|سیر|آرد سفید|جعفری|نمک|فلفل سیاه|هویج|قارچ|شیرگاو|کره|خامه|آب|عصاره مرغ|ذرت|نخود فرنگی,16709
597,سوپ دال عدس,سوپ,نمک|فلفل سیاه|زردچوبه|روغن مایع|آب|آبلیمو|رشته فرنگی|برنج|نعنا خشک|عدس قرمز,2119.25
596,سوپ جو,سوپ,گوشت سینه مرغ|پیاز|نمک|فلفل سیاه|زردچوبه|روغن مایع|خامه|آب|رب گوجه فرنگی|جو پرک|فلفل سفید|تخم گشنیز,14502
595,سوپ تره فرنگی,سوپ,پیاز|آرد سفید|نمک|فلفل سیاه|روغن مایع|قارچ|شیر گاو پر چرب|آب|عصاره مرغ|ترخون|تره فرنگی,4448.5
594,سوپ پیاز,سوپ,پیاز|آرد سفید|جعفری|نمک|فلفل قرمز|کره|خامه|آب|عصاره مرغ|جوز هندی,8828.5
293,استیک مرغ گریل,استیک,گوشت سینه مرغ|پیاز|سیر|روغن زیتون|فلفل قرمز|سس مایونز|جوز هندی|پودر خردل|فلفل دلمه ای|سویا سس|رزماری|سس باربیکیو,25794.5
465,خوراک مرغ حیدرآبادی,خوراک مرغ,گوشت سینه مرغ|پیاز|سیر|نمک|زردچوبه|روغن مایع|فلفل قرمز|ماست|خامه|کنجد|پودر زنجبیل|گرام ماسالا|گشنیز|بادام زمینی,26724.5
509,ماهی کیلکا روغن جوش,دریایی,آرد سفید|نمک|فلفل سیاه|روغن مایع|ماهی کیلکا|آب|نشاسته ذرت|نمک|روغن زیتون|آویشن,12299.5
535,توپک هویج,دسر,هویج|کره|بیسکویت ساده|پودر نارگیل|گردو,12986.5
358,رشته‌پلو با گوشت,پلو و دمی,پیاز|نمک|فلفل سیاه|زردچوبه|روغن مایع|گوشت چرخ کرده|رشته پلویی|آرد سوخاری|کشمش|برنج|دارچین|زعفران|خلال بادام|گلاب,14694.5
1510,نان و پنیر و کره,غذای سبک,انواع نان|پنیر|کره,2417
1521,نان و پنیر و خیار و گوجه,غذای سبک,انواع نان|خیار سبز|گوجه فرنگی,140.5
1004,شفته انار,کوفته_کبه,پیاز|نمک|فلفل سیاه|زردچوبه|روغن مایع|گوشت چرخ کرده|آرد نخودچی|پیاز|زردچوبه|آب|آب انار,8176
1003,شفته سماق,کوفته_کبه,پیاز|نمک|فلفل سیاه|زردچوبه|روغن مایع|گوشت چرخ کرده|آب|آرد نخودچی|سماق|پیاز|زردچوبه|آب,10643.5
974,کوفته کباب,کوفته_کبه,پیاز|تره|نمک|فلفل سیاه|زردچوبه|روغن مایع|گوشت چرخ کرده|برنج|تخم مرغ|شوید خشک|آرد نخودچی|سرکه|آب|شیره انگور,12587
987,کوفته ریزه,خوراک گوشت,پیاز|نمک|فلفل سیاه|زردچوبه|روغن مایع|گوشت چرخ کرده|آرد نخودچی|پیاز|نمک|فلفل سیاه|زردچوبه|آب|لیمو عُمانی (اَمانی),9311
637,کوفته کشک اصفهان,کوفته_کبه,پیاز|نمک|فلفل سیاه|زردچوبه|روغن مایع|گوشت چرخ کرده|برنج|آرد نخودچی|پودر سیر|پاپریکا|سبزی معطر|پیاز|نمک|فلفل سیاه|زردچوبه|برنج|کشک|نعنا خشک,14646
636,کوفته کرمانشاهی,کوفته_کبه,پیاز|نمک|فلفل سیاه|زردچوبه|گوشت چرخ کرده|تخم مرغ|آرد نخودچی|لپه|نخود|پیاز|نمک|فلفل سیاه|زردچوبه|روغن مایع|آویشن|آب|رب گوجه فرنگی|آبلیمو|تخم بلدرچین|کشمش|آلو|گردو|پیاز داغ,35675.5
635,کوفته کاری,کوفته_کبه,پیاز|آرد سفید|نمک|فلفل سیاه|گوشت چرخ کرده|دارچین|زنجبیل تازه|میخک|گشنیز|پیاز|نمک|فلفل سیاه|زردچوبه|روغن مایع|آب|شنبلیله خشک|ورمیشل,14151.5
633,کوفته سوئدی,کوفته_کبه,پیاز|سیر|جعفری|نمک|فلفل سیاه|شیرگاو|گوشت چرخ کرده|آرد سوخاری|تخم مرغ|آرد سفید|نمک|فلفل سیاه|کره|خامه|آب|عصاره گوشت|جوز هندی|سویا سس,19791.5
632,کوفته انار و گردو,کوفته_کبه,پیاز|نمک|فلفل سیاه|گوشت چرخ کرده|رب انار|آرد سوخاری|تخم مرغ|نعنا خشک|گردو|پیاز|نمک|فلفل سیاه|روغن مایع|رب گوجه فرنگی|رب انار|گردو|آب انار,17881.5
439,مدامس,خوراک حبوبات,نمک|فلفل سیاه|زردچوبه|روغن زیتون|زیره سیاه|لیمو ترش|آب|باقلا|عدس قرمز,3859
434,خوراک باقلا زرد,خوراک حبوبات,پیاز|نمک|فلفل سیاه|زردچوبه|روغن مایع|روغن زیتون|آب|آبلیمو|شوید خشک|باقلای زرد,2950.5
295,استیک گوشت با قارچ,استیک,پیاز|نمک|فلفل سیاه|قارچ|آویشن|کره|خامه|فیله گوساله,4001
297,شنیتسل گوشت,استیک,آرد سفید|نمک|فلفل سیاه|شیرگاو|کره|آرد سوخاری|تخم مرغ|فیله گوساله,4554.5
448,مخلمه,خوراک گوشت,پیاز|نمک|فلفل سیاه|زردچوبه|روغن مایع|گوشت چرخ کرده|رب گوجه فرنگی|تخم مرغ|تخم گشنیز|فلفل دلمه ای|سیب زمینی,8496
444,خوراک گوشت با سس باربیکیو,خوراک گوشت,نمک|فلفل سیاه|روغن مایع|پیازچه|گوشت گوسفند|زنجبیل تازه|سس باربیکیو,15959
615,سیب زمینی و بادام زمینی,سیب زمینی,نمک|روغن مایع|زیره سیاه|آب|تخم گشنیز|سیب زمینی|گشنیز|بادام زمینی,2520
606,پوره سیب زمینی با اسفناج,سیب زمینی,نمک|فلفل سیاه|شیرگاو|اسفناج|کره|خامه|آب|سیب زمینی,6238.5
680,گراتن بادمجان و مرغ,گراتن,گوشت سینه مرغ|پیاز|جعفری|نمک|فلفل سیاه|زردچوبه|قارچ|پنیر موزارِلّا (MOZZARELLA)|تخم گشنیز|بادمجان|آرد سفید|نمک|فلفل سیاه|شیرگاو|آویشن|کره,27600.5
681,گراتن پاستا,گراتن,جعفری|نمک|روغن مایع|قارچ|پنیر موزارِلّا (MOZZARELLA)|گشنیز|ماکارونی فرمی|آرد سفید|نمک|فلفل سیاه|شیرگاو|آویشن|کره,21053.5
685,گراتن سیب زمینی و مرغ,گراتن,گوشت سینه مرغ|پیاز|نمک|فلفل سیاه|زردچوبه|قارچ|پنیر موزارِلّا (MOZZARELLA)|تخم گشنیز|فلفل دلمه ای|سیب زمینی|آرد سفید|نمک|فلفل سیاه|شیرگاو|آویشن|کره,30936.5
688,گراتن گوشت و قارچ,گراتن,پیاز|سیر|نمک|فلفل سیاه|زردچوبه|روغن مایع|قارچ|پیازچه|گوشت چرخ کرده|آویشن|پنیر موزارِلّا (MOZZARELLA)|رب گوجه فرنگی|فلفل دلمه ای|سیب زمینی|ذرت|آرد سفید|نمک|فلفل سیاه|شیرگاو|آویشن|کره,27740.5
329,پاستا مرغ و ذرت,پاستا,جعفری|نمک|روغن مایع|آب|پاستا|سیر|سس مایونز|سس کچاپ|سس فرانسوی|سس دودی|گوشت سینه مرغ|نمک|فلفل سیاه|روغن زیتون|پونه کوهی یا پونه|پودر سیر|پاپریکا|ذرت,27588.5
328,پاستا مرغ گریل,پاستا,نمک|روغن مایع|آب|پاستا|سیر|نمک|فلفل سیاه|زردچوبه|روغن مایع|آویشن|رب گوجه فرنگی|فلفل دلمه ای|گوشت سینه مرغ|پیاز|نمک|فلفل سیاه|پودر سیر|سویا سس,23095
327,پاستا مرغ پرتقالی,پاستا,نمک|روغن مایع|آب|پاستا|گوشت سینه مرغ|پیاز|نمک|فلفل سیاه|روغن مایع|خامه|فلفل دلمه ای|سویا سس|آب پرتقال,21458
326,پاستا گوشت و قارچ خامه‌ای,پاستا,جعفری|نمک|روغن مایع|آب|پاستا|پیاز|سیر|نمک|فلفل سیاه|قارچ|گوشت چرخ کرده|آویشن|خامه|جوز هندی,14859
325,پاستا قارچ و گوشت,پاستا,نمک|روغن مایع|آب|پاستا|پیاز|سیر|نمک|فلفل سیاه|روغن مایع|قارچ|گوشت چرخ کرده|رب گوجه فرنگی|شکر|گوجه فرنگی|ریحان,19323.5
324,پاستا با سس قارچ و بادام زمینی,پاستا,نمک|روغن مایع|آب|پاستا|پیاز|سیر|آرد سفید|نمک|فلفل سیاه|قارچ|آویشن|خامه|آب|پنیر موزارِلّا (MOZZARELLA)|عصاره مرغ|بادام زمینی,20189.5
319,پاستا هویج و کرفس,پاستا,پاستا|پیاز|سیر|آرد سفید|نمک|فلفل سیاه|روغن مایع|هویج|کرفس|خامه|عصاره مرغ|شوید,21137
318,پاستا زیتون و گوجه,پاستا,نمک|روغن مایع|آب|پاستا|سیر|نمک|فلفل سیاه|روغن مایع|رب گوجه فرنگی|زیتون|گوجه فرنگی,10536.5
317,پاستا بادمجان,پاستا,نمک|روغن مایع|آب|پاستا|سیر|نمک|فلفل سیاه|روغن مایع|پنیر موزارِلّا (MOZZARELLA)|رب گوجه فرنگی|فلفل دلمه ای|بادمجان|کدو سبز,15334.5
316,پاستا گوجه و سیر,پاستا,نمک|روغن مایع|آب|پاستا|پیاز|سیر|نمک|فلفل سیاه|روغن مایع|آویشن|خامه|رب گوجه فرنگی|گوجه فرنگی|ترخون خشک,16117.5
315,پاستا با سس گوجه فرنگی,پاستا,نمک|روغن مایع|آب|ریحان|پاستا|پیاز|سیر|نمک|فلفل سیاه|روغن مایع|سرکه|فلفل قرمز|رب گوجه فرنگی|شکر|گوجه فرنگی|ترخون,17157.5
354,دمی ادویه,پلو و دمی,پیاز|سیر|نمک|زردچوبه|روغن مایع|فلفل قرمز|آب|برنج|گرام ماسالا|فلفل سبز تند,7439.5
355,دمی تخم مرغ,پلو و دمی,پیاز|نمک|روغن مایع|فلفل سبز|زیره سیاه|برنج|تخم مرغ|دارچین|زعفران|هل|تخم گشنیز|میخک,30269
356,دمی قارچ,پلو و دمی,پیاز|سیر|نمک|روغن مایع|قارچ|آب|برنج|دانه زیره|گرام ماسالا,5350.5
357,دمی نخود سبز و هویج و زیره,پلو و دمی,پیاز|سیر|جعفری|نمک|هویج|زیره سیاه|برنج|گوجه فرنگی|نخود فرنگی,6441
359,رشته پلو با مرغ,پلو و دمی,گوشت سینه مرغ|پیاز|نمک|فلفل سیاه|زردچوبه|روغن مایع|رشته پلویی|کشمش|برنج|دارچین|زعفران|هل|خلال بادام|گلاب,26336.5
360,زرد پلو,پلو و دمی,نمک|زردچوبه|روغن مایع|آب|برنج|دارچین|برگ بو|میخک,5584
365,قنبر پلو شیرازی با گوشت,پلو و دمی,پیاز|نمک|فلفل سیاه|زردچوبه|گوشت چرخ کرده|آب|رب انار|شیره خرما|آرد سوخاری|کشمش|برنج|گردو,6269.5
1297,املت پیاز,تخم مرغ,پیاز|آرد سفید|نمک|فلفل سیاه|روغن مایع|تخم مرغ,3268.5
600,سوپ قارچ,سوپ,پیاز|آرد سفید|جعفری|نمک|قارچ|شیرگاو|آویشن|کره|خامه|عصاره مرغ|فلفل سفید,9081.5
881,خورش میگو,خورشت,پیاز|سیر|نمک|فلفل سیاه|زردچوبه|روغن مایع|میگو|آب|تمر هندی|لیمو عُمانی (اَمانی)|سیب زمینی|گوجه فرنگی|گشنیز,21329
882,قیمه بوشهری,خورشت,پیاز|نمک|فلفل سیاه|روغن مایع|زیره سیاه|گوشت گوساله|آب|رب گوجه فرنگی|آبلیمو|سیب زمینی|لپه,10109
884,خورش اسفناج,خورشت,پیاز|نمک|روغن مایع|آبغوره|اسفناج|آب|گوشت گوسفند|شکر,4769
893,خورش گردو اسفناج,خورشت,پیاز|نمک|زردچوبه|روغن مایع|آبغوره|اسفناج|آب|رب انار|گوشت گوسفند|گردو,5864
892,خورش گردو,خورشت,پیاز|نمک|زردچوبه|روغن مایع|گوشت گوساله|آب|رب انار|گردو,4781
898,واداپ,خورشت,پیاز|نمک|فلفل سیاه|روغن مایع|گوشت مرغ|آب|گوجه فرنگی|ادویه مرغ بلوچی,5687.5
900,آبکی یا آبکی قاتق,خورشت,سیر|نمک|فلفل سیاه|روغن مایع|گوشت مرغ|آب|آب نارنج|سبزی مخصوص,8574.5
901,خورش چخرتمه یا چغرتمه,خورشت,پیاز|نمک|فلفل سیاه|روغن مایع|گوشت مرغ|آب|رب گوجه فرنگی|آبلیمو|تخم مرغ,7122.5
903,خورش مالاوابیج,خورشت,گوشت سینه مرغ|پیاز|نمک|فلفل سیاه|زردچوبه|روغن مایع|آب|رب گوجه فرنگی|رب انار,2554
904,سبزی فسنجان,خورشت,پیاز|سیر|نمک|فلفل سیاه|روغن مایع|گوشت مرغ|آب|رب انار|بادمجان|گوجه فرنگی|گردو|سبزی مخصوص,14154
880,خورش کدو قرمز,خورشت,پیاز|سیر|نمک|فلفل سیاه|زردچوبه|روغن مایع|گوشت گوساله|آب|رب گوجه فرنگی|تمر هندی|شکر|گوجه فرنگی|کدو حلوایی|لپه,15166.5
891,خورش قیمه آلو,خورشت,پیاز|نمک|زردچوبه|روغن مایع|آبغوره|آب|رب گوجه فرنگی|گوشت گوسفند|دارچین|لیمو عُمانی (اَمانی)|سیب زمینی|لپه|آلو بخارا,11042
885,خورش آلو سمنان,خورشت,پیاز|نمک|فلفل سیاه|زردچوبه|روغن مایع|آبغوره|آب|رب گوجه فرنگی|گوشت گوسفند|شکر|سیب زمینی|لپه|آلو بخارا,11726
894,خورش گردو با کدو,خورشت,پیاز|نمک|فلفل سیاه|زردچوبه|روغن مایع|آبغوره|گوشت گوساله|آب|رب گوجه فرنگی|رب انار|شکر|کدو حلوایی|گردو,10645.5
895,خورش گزر,خورشت,پیاز|نمک|فلفل سیاه|زردچوبه|روغن مایع|هویج|آبغوره|گوشت گوساله|آب|دارچین|شکر|زعفران|لپه,15683
902,خورش آلو مسما,خورشت,پیاز|نمک|فلفل سیاه|زردچوبه|روغن مایع|گوشت مرغ|آب|رب گوجه فرنگی|شکر|قیسی,6809
886,خورش آلو و گردو سمنان,خورشت,پیاز|نمک|زردچوبه|روغن مایع|آبغوره|گوشت گوساله|آب|رب انار|شکر|آلو بخارا|گردو,8682
889,خورش پسته دامغان,خورشت,پیاز|نمک|فلفل سیاه|زردچوبه|روغن مایع|آبغوره|گوشت گوساله|کره|آب|شکر|پسته,12445
1012,سوتی پلو,پلو و دمی,نمک|روغن مایع|شیرگاو|آب|کشمش|برنج|زعفران|گردو|قیسی,11465
492,خورش قیمه سیب زمینی,خورشت,پیاز|نمک|فلفل سیاه|زردچوبه|روغن مایع|گوشت گوساله|رب گوجه فرنگی|دارچین|زعفران|هل|لیمو عُمانی (اَمانی)|سیب زمینی|لپه|گلاب,16036
905,سیر قلیه,خورشت,سیر|نمک|فلفل سیاه|زردچوبه|روغن مایع|گوشت مرغ|برگ سیر,4116.5
906,سیرشوید,خورشت,پیاز|سیر|نمک|فلفل سیاه|زردچوبه|روغن مایع|گوشت گوساله|آب|تخم مرغ|شوید خشک|باقلا,6819
907,شوید قرمه,خورشت,پیاز|آرد سفید|نمک|فلفل سیاه|روغن مایع|گوشت مرغ|کره|آب|شکر|شوید|گوجه سبز (آلوچه),10806
1021,ادویه پلو,پلو و دمی,پیاز|نمک|فلفل سیاه|زردچوبه|روغن مایع|گوشت مرغ|کره|کره|آب|برنج|زعفران|ادویه پلویی,12316
908,شیرین قرمه,خورشت,پیاز|نمک|فلفل سیاه|زردچوبه|روغن مایع|گوشت گوساله|آب|کشمش|شکر|قیسی,5666.5
909,شیش انداز,خورشت,پیاز|نمک|زردچوبه|روغن مایع|آب|رب گوجه فرنگی|رب انار|گلپر|بادمجان|گردو|رب آلوچه,4561
910,طلا کوله غورابه,خورشت,پیاز|نمک|فلفل سیاه|زردچوبه|روغن مایع|آبغوره|گوشت مرغ|آب|تخم مرغ|گردو|سبزی مخصوص,10364
911,غوره مسما,خورشت,پیاز|نمک|فلفل سیاه|روغن مایع|گوشت مرغ|آب|رب گوجه فرنگی|زعفران|غوره,5798
915,گمج کباب,خورشت,نمک|فلفل سیاه|گوشت گوساله|گردو|آب انار|سبزی مخصوص,3853.5
916,مرغ فسنجان یا مرغ لاکو,خورشت,نمک|فلفل سیاه|زردچوبه|روغن مایع|گوشت مرغ|آب|رب انار|گردو,4858
917,خورش کنگر چهارمحال بختیاری,خورشت,پیاز|نمک|فلفل سیاه|زردچوبه|روغن مایع|گوشت گوساله|آب|قره قروت|کنگر,5033.5
920,خورش به آلو قزوین,خورشت,پیاز|نمک|فلفل سیاه|زردچوبه|روغن مایع|گوشت گوساله|آب|هل|به|آلو|گلاب,6323
921,خورش کنگر کردستان,خورشت,پیاز|نمک|فلفل سیاه|زردچوبه|روغن مایع|گوشت گوساله|آب|رب گوجه فرنگی|کنگر,4496.5
923,خورش به آلو کرمان,خورشت,پیاز|نمک|فلفل سیاه|زردچوبه|روغن مایع|گوشت گوساله|آب|آبلیمو|شکر|به|آلو بخارا,6827.5
924,خورش کدو کرمان,خورشت,پیاز|نمک|فلفل سیاه|زردچوبه|روغن مایع|لیمو ترش|گوشت گوساله|آب|شکر|زعفران|کدو سبز,8090.5
928,ماش پتی,خورشت,سیر|نمک|فلفل سیاه|زردچوبه|روغن مایع|اسفناج|آب|کدو حلوایی|به|ماش|آب نارنج,11496
929,اناربیج,خورشت,پیاز|آرد سفید|نمک|فلفل سیاه|زردچوبه|روغن مایع|گوشت چرخ کرده|آب|رب انار|نعنا خشک|گردو|سبزی مخصوص,7088
930,ترش تره,خورشت,سیر|نمک|فلفل سیاه|زردچوبه|روغن مایع|آب|تخم مرغ|آرد برنج|آب نارنج|سبزی مخصوص,6792.5
1323,عدس پلو مجلسی,پلو و دمی,گوشت گوساله چرخکرده|پیاز|روغن مایع|کره|آب|کشمش|برنج|زعفران|عدس,8472.5
931,ته بوریان,خورشت,پیاز|آرد سفید|نمک|فلفل سیاه|زردچوبه|روغن مایع|گوشت مرغ|آب|تخم مرغ|بادمجان|گوجه فرنگی|آب نارنج,13314
932,جوجه پریده,خورشت,نمک|فلفل سیاه|روغن مایع|آبغوره|آب|بادمجان|سبزی مخصوص,3940.5
933,خورش آلو گیلان,خورشت,پیاز|نمک|فلفل سیاه|زردچوبه|روغن مایع|گوشت مرغ|آب|آلو بخارا|آب نارنج|قیسی,6318.5
934,خورش غورآویج,خورشت,پیاز|نمک|فلفل سیاه|زردچوبه|روغن مایع|گوشت چرخ کرده|آب|نعنا خشک|غوره|سبزی مخصوص,4260
935,شوید خولی یا شوید خالی,خورشت,پیاز|جعفری|نمک|فلفل سیاه|زردچوبه|روغن مایع|گوشت مرغ|آب|تخم مرغ|گشنیز|شوید|گوجه سبز (آلوچه),12834
938,موتنجن,خورشت,نمک|فلفل سیاه|روغن مایع|گوشت مرغ|آب|رب انار|کشمش|دارچین|شکر|گردو|قیسی,8963
939,میرزا قاسمی,خورشت,سیر|نمک|فلفل سیاه|زردچوبه|روغن مایع|تخم مرغ|بادمجان|گوجه فرنگی,9585.5
940,واویشکا,خورشت,پیاز|نمک|فلفل سیاه|زردچوبه|روغن مایع|گوشت چرخ کرده|آب|گوجه فرنگی,3252.5
942,خورش قلیه ترش,خورشت,پیاز|نمک|فلفل سیاه|زردچوبه|روغن مایع|گوشت گوساله|آب|رب انار|سیب زمینی|آب انار|ادویه خورشتی,7921.5
943,خورش کنگر لرستان,خورشت,پیاز|نمک|فلفل سیاه|زردچوبه|روغن مایع|گوشت گوساله|آب|آبلیمو|نعنا خشک|لپه|کنگر,9757.5
944,خورش به لرستان,خورشت,پیاز|نمک|فلفل سیاه|روغن مایع|سرکه|گوشت گوساله|کره|آب|رب گوجه فرنگی|شیره انگور|دارچین|زعفران|به|لپه,12870.5
947,حاج خورش,خورشت,پیاز|نمک|فلفل سیاه|زردچوبه|روغن مایع|گوشت گوساله|آب|رب گوجه فرنگی|پودر سیر|سیب زمینی|گوجه فرنگی|لوبیا سفید,17652.5
948,خورش کردی,خورشت,پیاز|تره|شنبلیله|نمک|فلفل سیاه|زردچوبه|روغن مایع|گوشت گوساله|آب|رب گوجه فرنگی|سیب زمینی|گوجه فرنگی|لوبیا سفید,9191.5
949,خورش ریواس,خورشت,پیاز|جعفری|نمک|فلفل سیاه|زردچوبه|روغن مایع|نعناع|گوشت گوساله|آب|شکر,6083.5
1253,بوریتو صبحانه,برانچ,نمک|فلفل سیاه|نان لواش|آویشن|کره|تخم مرغ|گوجه فرنگی|ژامبون,18216.5
937,فندق قاتق,خورشت,آرد سفید|نمک|فلفل سیاه|زردچوبه|روغن مایع|گوشت مرغ|آب|رب گوجه فرنگی|رب انار|گلپر|بادمجان|فندق,8678
945,خورش قیمه یزدی,خورشت,پیاز|نمک|فلفل سیاه|زردچوبه|روغن مایع|گوشت گوساله|آب|دارچین|هل|لیمو عُمانی (اَمانی)|نخود,7483
936,فسنجان باقلا,خورشت,پیاز|نمک|فلفل سیاه|روغن مایع|آب|رب انار|بادمجان|باقلا|گردو,2052.5
951,آوریز یا آبریز,خورشت,پیاز|نمک|فلفل سیاه|زردچوبه|روغن مایع|گوشت گوساله|آب|رب انار|ناردونه,6785.5
953,خورش کدو حلوایی سمنان,خورشت,پیاز|نمک|فلفل سیاه|زردچوبه|روغن مایع|آبغوره|گوشت گوساله|آب|دارچین|شکر|کدو حلوایی|لپه,8150.5
955,کاتغ ماهی,خورشت,پیاز|سیر|شنبلیله|نمک|فلفل سیاه|زردچوبه|روغن مایع|آب|رب گوجه فرنگی|گوجه فرنگی|گشنیز|فیله ماهی|ادویه ماهی,8992
958,خورش کرک بپرس,خورشت,پیاز|نمک|فلفل سیاه|روغن مایع|آب|رب گوجه فرنگی|تخم مرغ|بادمجان|ناردونه,8018.5
959,مرغ ترش گیلان,خورشت,نمک|فلفل سیاه|روغن مایع|گوشت مرغ|آب|تخم مرغ|لپه|آب نارنج|سبزی مخصوص,7261.5
960,ملا قرمه,خورشت,پیاز|سیر|نمک|فلفل سیاه|زردچوبه|روغن مایع|آبغوره|آب|تخم مرغ|نعنا خشک|بادمجان|گوجه فرنگی,8236.5
964,خورش سیب‌ زمینی,خورشت,پیاز|نمک|فلفل سیاه|زردچوبه|روغن مایع|پیازچه|گوشت گوساله|کره|آب|رب گوجه فرنگی|آبلیمو|هل|سیب زمینی|گشنیز|آلو|گردو,20083.5
979,کدوی سرکه و شیره,خورشت,پیاز|نمک|فلفل سیاه|زردچوبه|روغن مایع|سرکه|گوشت گوساله|آب|شیره انگور|کدو سبز,6711
998,گوشت و نخود و اسفناج,خورشت,پیاز|نمک|فلفل سیاه|زردچوبه|روغن مایع|گوشت گوساله|اسفناج|آب|لیمو عُمانی (اَمانی)|نخود,11108
1030,ماهی شیر پز,خورشت,پیاز|نمک|فلفل سیاه|زردچوبه|روغن مایع|فیله ماهی|دوغ,2170.5
1048,باقالی خورش(باقالا قاتق),خورشت,سیر|نمک|فلفل سیاه|زردچوبه|روغن مایع|آب|تخم مرغ|شوید|لوبیا رشتی,11027.5
1051,گوشت و نخود (نخودآب),خورشت,پیاز|نمک|فلفل سیاه|روغن مایع|گوشت گوساله|آب|رب گوجه فرنگی|سیب زمینی|لوبیا سفید|نخود,9308.5
1052,خورش لوبیا قرمز,خورشت,پیاز|نمک|فلفل سیاه|زردچوبه|روغن مایع|لوبیا قرمز|گوشت چرخ کرده|آب|گوجه فرنگی,4375.5
1054,خورش کنگر کرمانشاه,خورشت,پیاز|نمک|فلفل سیاه|زردچوبه|روغن مایع|گوشت گوساله|آب|رب گوجه فرنگی|غوره|لپه|کنگر,10852
1093,خورش کدو حلوایی همدان,خورشت,پیاز|نمک|فلفل سیاه|زردچوبه|روغن مایع|گوشت گوساله|آب|رب گوجه فرنگی|کدو حلوایی,5486.5
1107,عدسی با سیب زمینی,خوراک حبوبات,پیاز|نمک|فلفل سیاه|زردچوبه|روغن مایع|آب|گلپر|سیب زمینی|عدس,3145.5
300,بورانی پیاز,بورانی,پیاز|نمک|ماست|فلفل سبز تند|گشنیز,2025
1018,دنده پلو,پلو و دمی,پیاز|نمک|فلفل سیاه|زردچوبه|روغن مایع|زیره سیاه|گوشت دنده|آب|برنج|زعفران,15889
314,پاستا با سس قارچ و مرغ,پاستا,نمک|روغن مایع|آب|پاستا|آرد سفید|قارچ|شیرگاو|کره|خامه|گوشت سینه مرغ|پیاز|سیر|نمک|فلفل سیاه|سس مایونز|سس خردل,33972.5
639,کوفته مرغ,کوفته_کبه,گوشت سینه مرغ|پیاز|جعفری|نمک|فلفل سیاه|زردچوبه|تخم مرغ|دارچین|آرد نخودچی|پیاز|نمک|فلفل سیاه|زردچوبه|روغن مایع|آب|رب گوجه فرنگی|آلو بخارا|کشمش|گردو|پیاز داغ,41435
624,شامی کباب بروجردی,کتلت - شامی,پیاز|سیر|تره|جعفری|شنبلیله|نمک|فلفل سیاه|زردچوبه|روغن مایع|گوشت چرخ کرده|تخم مرغ|آرد نخودچی|گشنیز|شوید,15468
1150,چای بهارنارنج,نوشیدنی گرم,آب|چای سیاه|عسل|بهار نارنج,1.5
421,دلمه برگ مو ترکیه,پیش غذا,پیاز|نمک|فلفل سیاه|روغن مایع|آبلیمو|کشمش|فلفل چیلی|جوز هندی|دارچین|نعنا خشک|شوید خشک|شکر|میخک|گوجه فرنگی|گوجه خشک|غوره|خلال بادام|برگ مو,5921
420,دلمه برگ مو ایران,پیش غذا,پیاز|پیاز|سیر|نمک|فلفل سیاه|زردچوبه|روغن مایع|فلفل قرمز|گوشت چرخ کرده|آب|برنج|فلفل چیلی|گوجه خشک|غوره|لپه|سبزی دلمه|برگ مو,15069.5
1056,قیمه به,خورشت,پیاز|نمک|فلفل سیاه|زردچوبه|روغن مایع|گوشت گوساله|آب|آبلیمو|دارچین|شکر|زعفران|به|لپه,10309
963,خورش آلوچه همدان,خورشت,پیاز|جعفری|نمک|فلفل سیاه|زردچوبه|روغن مایع|آبغوره|نعناع|گوشت گوساله|آب|گوجه سبز (آلوچه),9027.5
1026,شش انداز,خوراک سبزیجات,پیاز|نمک|روغن مایع|شیره انگور|کشمش|تخم مرغ|خرما,11756
912,فسنجان ماهی,خورشت,نمک|روغن مایع|آب|رب انار|گردو|فیله ماهی,1911
280,آش انار,آش,پیاز|نمک|فلفل سیاه|زردچوبه|روغن مایع|آب|لپه|برنج نیم دانه|سبزی آش|آب انار|انار|پیاز|نمک|فلفل سیاه|زردچوبه|روغن مایع|گوشت چرخ کرده|آرد سوخاری,10686
520,ماهی شکم پر,دریایی,تره|جعفری|نمک|فلفل سیاه|ماهی قزل الا|کره|آرد سوخاری|ترخون|گردو,7289
1094,سیرداغ,دستورات مکمل,سیر|نمک|زردچوبه|روغن مایع,361.8
1096,نعناداغ,دستورات مکمل,زردچوبه|روغن مایع|نعنا خشک,400
283,آش ترش گیلانی,آش,سیر|نمک|فلفل سیاه|زردچوبه|روغن مایع|آب|رب انار|باقلا|لوبیا چیتی|عدس|نخود|برنج نیم دانه|سبزی آش,4038
285,آش زرشک خراسان شمالی,آش,پیاز|نمک|فلفل سیاه|زردچوبه|روغن مایع|آب|زرشک|برنج|گلپر|لپه|سبزی آش|آب زرشک,2244
286,آش شله ماشکی,آش,پیاز|نمک|فلفل سیاه|زردچوبه|روغن مایع|زیره سیاه|کنجد|برنج|گوشت گوسفند|دارچین|ماش,3946
287,آش عدس و بلغور,آش,پیاز|نمک|فلفل سیاه|زردچوبه|روغن مایع|بلغور گندم|آب|عصاره گوشت|نعنا خشک|سیب زمینی|عدس,3477.5
290,آش ماست آذربایجان شرقی,آش,پیاز|نمک|فلفل سیاه|زردچوبه|روغن مایع|بلغور گندم|اسفناج|آب|کشک|نعنا خشک|لوبیا چیتی|نخود,6230.5
291,آش هویج و بلغور,آش,پیاز|نمک|فلفل سیاه|زردچوبه|هویج|بلغور|گوشت چرخ کرده|آب|کشک|نخود,5125.5
705,آش اسفناج و گشنیز,آش,پیاز|نمک|روغن مایع|آب|عصاره مرغ|برنج|عدس|سبزی معطر,1475
708,آش کلم برگ,آش,پیاز|سیر|نمک|فلفل سیاه|زردچوبه|روغن مایع|هویج|بلغور گندم|آب|برنج|کشک|نعنا خشک|کلم برگ سفید|لوبیا چیتی|عدس|نخود|سبزی آش,18213.5
709,آش میوه,آش,پیاز|نمک|فلفل سیاه|زردچوبه|روغن مایع|فلفل قرمز|بلغور گندم|آب|شیره انگور|سرکه سیب|برنج|نعنا خشک|کلم برگ سفید|عدس|نخود|آلو|گردو|سبزی آش|برگه زردآلو|آب گوشت|آلبالو,29264
710,دیشلیق آشی (آش دندونی),آش,پیاز|نمک|روغن مایع|کره|آب|کشمش|دارچین|نخود|گردو|گندم|خلال بادام|خلال پسته,7449.5
711,آش جعفری و گوجه فرنگی,آش,پیاز|تره|جعفری|نمک|زردچوبه|روغن مایع|فلفل قرمز|لیمو ترش|بلغور|لوبیا قرمز|آب|رب گوجه فرنگی|برنج|گوجه فرنگی|فلفل سبز تند|آب گوشت|آب گوشت,13115.5
712,آش دوغ ارومیه,آش,آرد سفید|نمک|فلفل قرمز|بلغور|آب|تخم مرغ|فلفل سبز تند|نخود|کلم برگ|سبزی آش|دوغ,6912
715,یارما شورباسی,آش,پیاز|نمک|فلفل سیاه|زردچوبه|روغن مایع|بامیه|بلغور|لوبیا قرمز|لوبیا سبز|آب|رب گوجه فرنگی|برنج|سیب زمینی|بادمجان|به|غوره|سبزی معطر|گوجه فرنگی خشک شده,13876.5
718,آش شولی اصفهان,آش,پیاز|آرد سفید|نمک|زردچوبه|روغن مایع|آب|سرکه سیب|نعنا خشک|عدس|سبزی آش,5048.5
719,آش لعابی,آش,پیاز|نمک|فلفل سیاه|زردچوبه|روغن مایع|بلغور گندم|گوشت گوساله|آب|لوبیا سفید,3895.5
720,آماج اسفناج,آش,آرد سفید|نمک|فلفل سیاه|زردچوبه|اسفناج|آب|کدو حلوایی,2884
721,آماج کدو,آش,آرد سفید|تره|جعفری|نمک|فلفل سیاه|زردچوبه|آب|کدو حلوایی|گشنیز|شوید,5474
722,شوروا یا شوربا اصفهان,آش,پیاز|نمک|فلفل سیاه|زردچوبه|روغن مایع|گوشت چرخ کرده|اسفناج|آب|ماش|برنج نیم دانه,6388
723,آش گوشت بوشهری,آش,پیاز|نمک|فلفل سیاه|زردچوبه|روغن مایع|لوبیا قرمز|گوشت گوساله|آب|برنج|سبزی آش,4421.5
724,شله گندمی,آش,پیاز|سیر|نمک|فلفل سیاه|زردچوبه|روغن مایع|بلغور گندم|آب|لیمو عُمانی (اَمانی)|سبزی آش|فیله ماهی,8548
726,قلیه دزفولی,آش,پیاز|سیر|نمک|فلفل سیاه|زردچوبه|روغن مایع|بلغور گندم|لوبیا چشم بلبلی|گوشت گوساله|آب|رب انار|تمر هندی|برنج|نعنا خشک|نخود|آلو,17841
727,آش ترش زنجان,آش,پیاز|نمک|فلفل سیاه|زردچوبه|روغن مایع|سرکه|هویج|گوشت چرخ کرده|اسفناج|شلغم|آب|شیره انگور|سیب زمینی|عدس|چغندر قرمز|برگه زردآلو,20097.5
730,آش وگره,آش,پیاز|آرد سفید|نمک|فلفل سیاه|زردچوبه|روغن مایع|لوبیا چشم بلبلی|آب|عدس|سبزی آش,6819
550,فرنچ تست,دسر,نمک|روغن مایع|شیر گاو پر چرب|کره|تخم مرغ|دارچین|شکر|نان تست|اسانس,11978
739,آش شلغم,آش,پیاز|آرد سفید|نمک|زردچوبه|روغن مایع|شلغم|آب|ماش|سبزی مخصوص,7545.5
995,کشمش پلو قزوین,پلو و دمی,پیاز|نمک|فلفل سیاه|زردچوبه|روغن مایع|گوشت گوساله|آب|کشمش|برنج|لپه,6913.5
736,آش عباسعلی,آش,پیاز|نمک|فلفل سیاه|زردچوبه|روغن مایع|فلفل قرمز|لوبیا قرمز|آب|گوشت گوسفند|دارچین|نعنا خشک|زعفران|هل|برگ بو|لوبیا چیتی|عدس|نخود|برنج نیم دانه|گندم|روغن کرمانشاهی,27781.5
737,آش ترش یزد,آش,پیاز|نمک|فلفل سیاه|زردچوبه|روغن مایع|آب|نعنا خشک|لپه|عدس|برنج نیم دانه|چغندر سفید,4855.5
747,آش مستوبه,آش,نمک|زردچوبه|اسفناج|آب|برنج|دوغ,1477.5
748,آش جوشواره خراسان شمالی,آش,پیاز|آرد سفید|نمک|فلفل سیاه|زردچوبه|روغن مایع|گوشت چرخ کرده|اسفناج|آب|نعنا خشک|عدس,22143
751,آش بَنِه,آش,پیاز|نمک|فلفل سیاه|زردچوبه|روغن مایع|آب|رب انار|برنج نیم دانه|بنه,2725
752,آش دوغ فارس,آش,پیاز|نمک|فلفل سیاه|زردچوبه|روغن مایع|گوشت گردن|آب|برنج|نعنا خشک|نخود|سبزی آش|دوغ,5508
754,آش کارده فارس,آش,پیاز|آرد سفید|نمک|فلفل سیاه|زردچوبه|روغن مایع|آب|آب|برنج|کارده (کاردین یا کوارده),5009.5
755,آش ماست فارس,آش,پیاز|نمک|فلفل سیاه|زردچوبه|ماست|گوشت گردن|آب|برنج|برگ بو|ترخون|شوید|لپه,6721
756,آش دندان کَشَه,آش,پیاز|نمک|فلفل سیاه|زردچوبه|روغن مایع|آب|گوشت گوسفند|لوبیا سفید|ماش|عدس|نخود|گندم|آب گوشت,4674.5
757,آش دوغ قزوین,آش,پیاز|سیر|نمک|فلفل سیاه|زردچوبه|روغن مایع|آب|ماست چکیده|برنج|گوشت گوسفند|نعنا خشک|لوبیا چیتی|نخود|سبزی آش|جو پوست کنده|دوغ,10430
758,آش ماش پیازو,آش,پیاز|نمک|فلفل سیاه|زردچوبه|روغن مایع|لوبیا قرمز|لوبیا چشم بلبلی|آب|برنج|گوشت گوسفند|دارچین|ماش|عدس,5976.5
282,آش پرپوله,آش,سیر|نمک|فلفل سیاه|زردچوبه|روغن مایع|آب|رشته آش|کشک|زعفران|عدس|مرزه خشک,13103.5
706,آش اوماج آذربایجان شرقی,آش,پیاز|پیاز|نمک|فلفل سیاه|زردچوبه|آب|سیب زمینی|عدس|سبزی معطر|آب قلم|آرد سفید|نمک,4261
759,آش اسفندی,آش,پیاز|سیر|تره|نمک|فلفل سیاه|زردچوبه|روغن مایع|بلغور گندم|لوبیا چشم بلبلی|آب|سرکه سیب|برنج|شکر|لوبیا چیتی|لوبیا سفید|ماش|عدس|نخود|باقلای زرد|گردو|گندم|برگه زردآلو|آب گوشت|لواشک,22260.5
761,آش بلغور قم,آش,نمک|فلفل سیاه|روغن مایع|بلغور گندم|لوبیا قرمز|آب|لوبیا چیتی|گردو|قلم,11971
763,آش ترخینه دوغ,آش,پیاز|نمک|زردچوبه|روغن مایع|زیره سیاه|بلغور گندم|آب|گوشت گوسفند|دوغ,5272
764,آش ترخینه شیر,آش,روغن مایع|پیازچه|بلغور گندم|شیرگاو|آب|عدس,9805
765,آش ترخینه نار,آش,پیاز|نمک|فلفل سیاه|روغن مایع|آب|لوبیا چیتی|نخود|سبزی آش|ترخینه|چغندر قرمز|ناردونه,3725
766,آش دونک,آش,پیاز|نمک|فلفل سیاه|زردچوبه|بلغور گندم|لوبیا قرمز|آب|گردو,1818.5
768,آش ماش قم,آش,پیاز|نمک|زردچوبه|روغن مایع|بلغور گندم|لوبیا چشم بلبلی|اسفناج|آب|رب انار|برنج|ماش,5959
769,کشک دوغ,آش,پیاز|سیر|نمک|زردچوبه|روغن مایع|آب|کشک|نعنا خشک|گردو,11118.5
770,ترش آبک,آش,پیاز|نمک|زردچوبه|روغن مایع|لوبیا قرمز|آب|گردو|برگه ترش,4011.5
773,آش ماست کردستان,آش,نمک|روغن مایع|ماست|آب|برنج|نعنا خشک,1330
774,آش ترخینه کردستان,آش,نمک|روغن مایع|آب|نعنا خشک|نخود|ترخینه,452
969,کوکو سه رنگ,کوکو,پیاز|تره|نمک|فلفل سیاه|روغن مایع|گوشت چرخ کرده|آب|تخم مرغ|زعفران|سیب زمینی,10770
284,آش دانه کولانه,آش,پیاز|نمک|فلفل سیاه|زردچوبه|روغن مایع|بلغور گندم|لوبیا قرمز|آب|نعنا خشک|عدس|نخود|مرزه خشک|پیاز|نمک|فلفل سیاه|زردچوبه|روغن مایع|گوشت چرخ کرده|آرد سوخاری,6684.75
288,آش کشک و بادمجان,آش,سیر|نمک|روغن مایع|لوبیا قرمز|آب|برنج|گوشت گوسفند|کشک|نعنا خشک|بادمجان|عدس|نخود|پیاز|فلفل سیاه|زردچوبه|روغن مایع|آب|دارچین,17345.75
767,آش سنگک,آش,نمک|زردچوبه|پیازچه|بلغور گندم|لوبیا قرمز|آب|گردو,2651
777,آش شولی کرمان,آش,سیر|نمک|فلفل سیاه|زردچوبه|روغن مایع|آرد گندم کامل سفید|آب|نعنا خشک|گشنیز|ترخون خشک|سبزی آش|تخم شوید|قره قروت,9477.5
778,آش قلم,آش,پیاز|نمک|فلفل سیاه|زردچوبه|روغن مایع|زیره سیاه|بلغور گندم|لوبیا قرمز|آب|گوشت گوسفند|سیاه دانه|عدس|نخود|قلم,7448.5
780,آش دوکله‌ای,آش,نمک|روغن مایع|آب|برنج|نخود|دوغ|کله پاچه|سبزی مخصوص,3607.5
781,آش کارده کهگلویه و بویراحمد,آش,نمک|بلغور گندم|آب|برنج|دوغ|کارده (کاردین یا کوارده),1164
784,آش اوناش,آش,پیاز|سیر|نمک|فلفل سیاه|روغن مایع|گوشت گوساله|آب|رب گوجه فرنگی|رشته آش|نعنا خشک|لوبیا چیتی|نخود,15614.5
785,آش ترش گلستان,آش,پیاز|سیر|نمک|فلفل سیاه|زردچوبه|روغن مایع|آب|رب انار|برنج|نعنا خشک|سبزی آش,4079
787,آش دوغ شوربا گلستان,آش,سیر|نمک|فلفل سیاه|اسفناج|آب|برنج|کدو سبز|کدو حلوایی|باقلا|گشنیز|دوغ,8790.5
788,آش کشک گلستان,آش,پیاز|سیر|نمک|فلفل سیاه|زردچوبه|روغن مایع|آب|برنج|کشک|لوبیا چیتی|لوبیا سفید|عدس|نخود|سبزی آش,7218.5
789,آش ترش گیلان,آش,سیر|نمک|فلفل سیاه|روغن مایع|آب|برنج|نخود|آب نارنج|لوبیا رشتی|سبزی مخصوص,9967
790,خالو آبه (آش گوجه‌سبز),آش,نمک|آب|تخم مرغ|شکر|آرد برنج|گوجه سبز (آلوچه)|سبزی مخصوص,3141.5
792,آش بادمجان,آش,پیاز|سیر|نمک|فلفل سیاه|زردچوبه|روغن مایع|بلغور گندم|آب|برنج|کشک|نعنا خشک|بادمجان|لپه,15051.5
798,آش آلوچه مرکزی,آش,پیاز|نمک|فلفل سیاه|زردچوبه|روغن مایع|آب|برنج|نعنا خشک|لپه|سبزی آش|گوجه سبز (آلوچه),1828.5
799,آش آلو,آش,پیاز|نمک|فلفل سیاه|زردچوبه|روغن مایع|آب|رب گوجه فرنگی|رشته آش|لوبیا چیتی|نخود|آلو بخارا,3960.5
801,آش برنج مرکزی,آش,پیاز|نمک|فلفل سیاه|زردچوبه|روغن مایع|هویج|آب|برنج|گوشت گوسفند|نعنا خشک|سیب زمینی|لپه|سبزی آش,8535
802,آش بلغور مرکزی,آش,پیاز|نمک|فلفل سیاه|زردچوبه|روغن مایع|بلغور گندم|آب|نعنا خشک|لوبیا چیتی|عدس|نخود|سبزی آش|چغندر قرمز,3610
803,آش بی بی سه شنبه,آش,پیاز|نمک|فلفل سیاه|زردچوبه|روغن مایع|بلغور گندم|آب|گوشت گوسفند|نعنا خشک|لوبیا چیتی|عدس|نخود|سبزی آش,7650.5
805,آش جو (ترخینه جو) مرکزی,آش,پیاز|نمک|فلفل سیاه|زردچوبه|روغن مایع|کشک|نعنا خشک|لوبیا چیتی|عدس|نخود|جو پوست کنده|سبزی مخصوص,7431
806,آش حلیم,آش,پیاز|نمک|فلفل سیاه|زردچوبه|روغن مایع|بلغور گندم|آب|گوشت گوسفند|لوبیا چیتی|عدس|نخود,9287
808,آش دوغ مرکزی,آش,پیاز|نمک|فلفل سیاه|زردچوبه|روغن مایع|آب|برنج|گوشت گوسفند|نعنا خشک|نخود|سبزی آش|دوغ,6878.5
814,آش شیره با کدو,آش,پیاز|نمک|بلغور گندم|کره|آب|شیره انگور|دارچین|کدو حلوایی|لوبیا سفید|آب گوشت,7391
815,آش برنج همدان,آش,پیاز|نمک|فلفل سیاه|زردچوبه|ماست|آب|برنج|گوشت گوسفند|عدس|گردو|سبزی آش,5689
817,آش دوغ همدان,آش,نمک|ماست|آب|برنج|تخم مرغ|نخود|سبزی آش|دوغ,2505.5
819,آش کاچی,آش,سیر|نمک|بلغور گندم|ماست|کره|آب|نعنا خشک,4479.5
820,آش کدو همدان,آش,پیاز|نمک|فلفل سیاه|زردچوبه|روغن مایع|کره|کره|آب|آبلیمو|برنج|شکر|کدو حلوایی|عدس,5385
822,آش گندم یزد,آش,پیاز|نمک|فلفل سیاه|زردچوبه|روغن مایع|لوبیا قرمز|گوشت گوساله|آب|ماش|عدس|گندم|دنبه|ادویه آش,17075
823,آش ماش یزد,آش,پیاز|تره|نمک|روغن مایع|لوبیا قرمز|آب|برنج|گوشت گوسفند|دارچین|نعنا خشک|شوید|ماش,8213
450,خوراک مرغ صربی با سس گوجه و شوید,خوراک مرغ,گوشت سینه مرغ|سیر|آرد سفید|نمک|فلفل سیاه|روغن مایع|فلفل قرمز|آویشن|تخم مرغ|جوز هندی|پودر زنجبیل|پودر کاری|پودر سیر|نمک|فلفل سیاه|کره|شوید خشک|گوجه فرنگی,43397
826,آش دوغ اردبیل,آش,پیاز|سیر|تره|نمک|روغن مایع|گوشت چرخ کرده|آب|برنج|تخم مرغ|نعنا خشک|گشنیز|نخود|دوغ|برگ سیر,8986
828,آش گیلدیک,آش,پیاز|نمک|فلفل سیاه|زردچوبه|آبغوره|گوشت چرخ کرده|برنج|نعنا خشک|شکر|لوبیا سفید|نخود|خرما|آلو|گردو|آب قلم|گوجه سبز (آلوچه)|نسترن کوهی یا گیلدیک|قیسی,12172.5
834,آش رشته تهران,آش,پیاز|سیر|آرد سفید|نمک|فلفل سیاه|زردچوبه|روغن مایع|آب|رشته آش|کشک|نعنا خشک|لوبیا چیتی|لوبیا سفید|عدس|نخود|سبزی آش,21801
837,آردوله بونسور,آش,پیاز|آرد سفید|نمک|فلفل سیاه|زردچوبه|روغن مایع|آب|برنج|دوغ|بن سور,6288.5
839,آش دوغ چهارمحال بختیاری,آش,نمک|زردچوبه|روغن مایع|آب|برنج|نعنا خشک|لوبیا سفید|عدس|سبزی آش|جو پوست کنده|دوغ,3007
840,آش کاردین,آش,بلغور|آب|برنج|نعنا خشک|کارده (کاردین یا کوارده),1032
841,آش کدو چهارمحال بختیاری,آش,پیاز|نمک|فلفل سیاه|زردچوبه|روغن مایع|آب|برنج|نعنا خشک|کدو حلوایی|لپه|عدس,1897
842,آش کشک چهارمحال بختیاری,آش,پیاز|نمک|فلفل سیاه|زردچوبه|روغن مایع|آب|برنج|کشک|نعنا خشک|لوبیا سفید|نخود|سبزی آش,5989.5
845,اوگندی,آش,پیاز|آرد سفید|نمک|فلفل سیاه|زردچوبه|روغن مایع|آب|عدس|تره کوهی|قره قروت,3950
847,دوا کشک,آش,پیاز|نمک|فلفل سیاه|روغن مایع|آب|برنج|کشک,2095.5
849,آش بلغور شیر,آش,پیاز|نمک|فلفل سیاه|زردچوبه|روغن مایع|سیب درختی|گوشت مرغ|بلغور|شلغم|آب|عدس,5419
850,آش بلغور خراسان رضوی,آش,پیاز|نمک|فلفل سیاه|زردچوبه|روغن مایع|بلغور گندم|آب|لوبیا چیتی|ماش|نخود|آب قلم,3222.5
851,آش جوشواره خراسان رضوی,آش,پیاز|سیر|آرد سفید|نمک|فلفل سیاه|زردچوبه|روغن مایع|آب|لوبیا چیتی|نخود|گردو|شاهدانه,26050
852,آش کشک و بادمجان خراسان رضوی,آش,پیاز|سیر|نمک|فلفل سیاه|زردچوبه|روغن مایع|زیره سبز|آب|رشته آش|کشک|نعنا خشک|بادمجان|لوبیا چیتی|عدس|نخود|سبزی آش|آب قلم|پیاز|نمک|فلفل سیاه|زردچوبه|روغن مایع|گوشت گوساله|آب|رب گوجه فرنگی|لپه,77771.5
855,شله مشهدی,آش,پیاز|نمک|فلفل سیاه|زردچوبه|روغن مایع|بلغور|گوشت گوسفند|دارچین|برگ بو|لوبیا چیتی|ماش|نخود|برنج نیم دانه|پیاز|نمک|فلفل سیاه|زردچوبه|روغن مایع|گوشت گوساله|آب|رب گوجه فرنگی|لپه,38799
857,آش قُلقُل شوشتری,آش,پیاز|روغن مایع|گوشت گوساله|آب|عدس|نخود|باقلای زرد|برنج نیم دانه|گندم,7908.5
859,آش بلغور کرمان,آش,پیاز|نمک|فلفل سیاه|زردچوبه|روغن مایع|زیره سیاه|بلغور گندم|آب|دارچین|باقلا|لوبیا سفید|ماش|عدس|نخود|آب قلم,7693
863,آش زرشک مازندران,آش,نمک|برنج نیم دانه|آب زرشک,287
866,آش گوجه فرنگی,آش,پیاز|نمک|فلفل سیاه|زردچوبه|روغن مایع|گوشت چرخ کرده|آب|برنج|گوجه فرنگی|لپه|سبزی آش,4749.5
867,آش تره کوهی,آش,پیاز|سیر|نمک|فلفل سیاه|زردچوبه|روغن مایع|لوبیا قرمز|آب|رشته آش|نعنا خشک|لوبیا چیتی|عدس|نخود|دوغ|تره کوهی|برگ سیر,17134.5
868,آش جو همدان,آش,پیاز|سیر|نمک|فلفل سیاه|زردچوبه|روغن مایع|لوبیا چشم بلبلی|گوشت گوساله|آب|کشک|نعنا خشک|عدس|نخود|گردو|سبزی آش|جو پوست کنده,13890.5
872,او جیزک,آش,پیاز|نمک|فلفل سیاه|زردچوبه|آب|تخم مرغ|سیب زمینی|گوجه فرنگی|ادویه آچار|روغن حیوانی,7957.5
971,برانی کلم قمری,آش,پیاز|نمک|فلفل سیاه|زردچوبه|روغن مایع|بلغور|آب|رب گوجه فرنگی|برنج|کشک|نعنا خشک|کلم قمری|لپه|سبزی مخصوص,8137
530,پودینگ نارگیلی,دسر,آرد سفید|کره|نشاسته ذرت|پودر نارگیل|شکر|هل|گلاب|شیر نارگیل,2331.5
972,ماش قمری,خوراک سبزیجات,پیاز|نمک|فلفل سیاه|روغن مایع|گوشت گوساله|آب|برنج|کلم قمری|ماش|سبزی مخصوص,7031
977,گوشت و عدس,خورشت,پیاز|نمک|فلفل سیاه|زردچوبه|روغن مایع|گوشت گوساله|آب|برنج|سیب زمینی|عدس,7132
981,گوشت و لوبیا,خورشت,پیاز|نمک|فلفل سیاه|زردچوبه|گوشت گوساله|آب|رب گوجه فرنگی|برنج|سیب زمینی|لوبیا سفید|سبزی مخصوص,10035
983,یخمه تُرُش,خوراک سبزیجات,پیاز|نمک|فلفل سیاه|زردچوبه|گوشت گوساله|آب|برنج|به|آلو,4126
984,قلیه سیب زمینی,خورشت,پیاز|نمک|روغن مایع|فلفل قرمز|لوبیا قرمز|آب|دارچین|سیب زمینی|ماش|برنج نیم دانه,6313
1057,آش برگ مو,آش,پیاز|نمک|فلفل سیاه|زردچوبه|روغن مایع|بلغور|گوشت گوساله|آب|نخود|برگ مو|آب گوشت,7240
1059,کُلُمبا,آش,پیاز|سیر|نمک|فلفل سیاه|زردچوبه|روغن مایع|آب|پاپریکا|گندم|فیله ماهی,3718
1061,آش غُلور,آش,پیاز|نمک|فلفل سیاه|زردچوبه|روغن مایع|بلغور گندم|گوشت گوساله|آب|رب گوجه فرنگی|لوبیا چیتی|نخود,9134
1063,خشیل,آش,آرد سفید|بلغور گندم|شیرگاو|کره|آب|شیره انگور,1887.5
1064,آش دنیک,آش,پیاز|نمک|فلفل سیاه|زردچوبه|روغن مایع|لوبیا قرمز|آب|لوبیا چیتی|نخود|گندم|پیاز|نمک|فلفل سیاه|زردچوبه|روغن مایع|گوشت گوساله|آب|رب گوجه فرنگی|لپه,23092
1077,آش پَتلِه,آش,نمک|فلفل سیاه|زردچوبه|لوبیا قرمز|آب|برنج|کشک|لوبیا چیتی|عدس|نخود|سبزی آش|جو پوست کنده,2362.5
1074,آش غورابه,آش,پیاز|سیر|سیر|نمک|فلفل سیاه|زردچوبه|روغن مایع|بلغور گندم|آب|سرکه سیب|گوشت گوسفند|نعنا خشک|لپه|سبزی آش,10589
1071,آش ماش لرستان,آش,پیاز|نمک|فلفل سیاه|زردچوبه|روغن مایع|آب|برنج|کشک|نعنا خشک|زعفران|لوبیا چیتی|ماش|عدس|آب گوشت,6277
1073,یرتیخلی,آش,پیاز|نمک|فلفل سیاه|زردچوبه|روغن مایع|آب|رب گوجه فرنگی|برنج|نعنا خشک|شکر|سماق|کلم برگ سفید|لپه|جعفری خشک|آب گوشت,6022
1066,قَره ماش شورباسی,آش,پیاز|نمک|زردچوبه|روغن مایع|فلفل قرمز|آب|رب گوجه فرنگی|برنج|سیب زمینی|لوبیا چیتی|ماش|آب گوشت|گوجه فرنگی خشک شده,4601.5
1092,آش قلیه خراسان شمالی,آش,پیاز|نمک|فلفل سیاه|زردچوبه|روغن مایع|لوبیا قرمز|گوشت چرخ کرده|آب|رب گوجه فرنگی|رشته آش|کشک|عدس|ماست شیرین,18510.5
1089,آش ترخینه کرمانشاه,آش,پیاز|پیاز|نمک|زردچوبه|روغن مایع|آب|ترخینه,702.5
1088,آش شله قلمکار,آش,پیاز|نمک|فلفل سیاه|زردچوبه|روغن مایع|لوبیا قرمز|لوبیا چشم بلبلی|گوشت گردن|آب|برنج|نعنا خشک|لوبیا چیتی|لوبیا سفید|نخود|سبزی آش,10947
1083,آش کدو حلوایی,آش,شیرگاو|کره|آب|برنج|دارچین|شکر|کدو حلوایی,2661.5
1081,آش عدس بلغور کردستان,آش,پیاز|نمک|زردچوبه|روغن مایع|بلغور|آب|عدس,1226.5
1080,آش کشکینه,آش,پیاز|زردچوبه|روغن مایع|آب|نعنا خشک|پونه کوهی یا پونه|عدس|ترخینه,1801
1078,شله عدسی,آش,پیاز|نمک|روغن مایع|آب|برنج|عدس|تره کوهی|سیر کوهی,1797.5
1049,سیربیج,خوراک گوشت,جگر سفید گوسفند|سیر|نمک|فلفل قرمز|گوجه فرنگی|سبزی چوچاق|دنبه,6742
991,آبگوشت عدس و بادمجان,آبگوشت,پیاز|نمک|فلفل سیاه|زردچوبه|روغن مایع|آبغوره|گوشت گوساله|آب|بادمجان|عدس,7757.5
993,آبگوشت و گوشت کوفته یزدی (آبگوشت دوپیازه),آبگوشت,پیاز|نمک|فلفل سیاه|زردچوبه|آب|گوشت گوسفند|دارچین|سیب زمینی|نخود,7157
1010,ساج ایچی,خوراک سبزیجات,پیاز|نمک|فلفل سیاه|زردچوبه|ماست|گوشت گوساله|کره,4362.5
1028,بربسیل,آبگوشت,پیاز|تره|نمک|زردچوبه|روغن مایع|آب|ماست پر چرب|گوشت گوسفند|تخم مرغ|لپه|کارده (کاردین یا کوارده),8447
1033,آبگوشت آرد و آوه,آبگوشت,پیاز|آرد سفید|نمک|فلفل سیاه|زردچوبه|روغن مایع|گوشت گوساله|آب|ادویه آچار,4123
824,آش امام,آش,نمک|فلفل سیاه|بلغور گندم|گوشت گردن|آب|شکر|زعفران|باقلا|نخود|خرما|خلال بادام|قیسی,7673.5
